,City,job,salary_percentiles
0,ottawa,"{'id': 'ACCOUNT-MANAGER', 'title': 'Account Manager'}","{'percentile_25': 38347.05439050182, 'percentile_50': 46742.15349379461, 'percentile_75': 56975.14314889898}"
1,ottawa,"{'id': 'ACCOUNTANT', 'title': 'Accountant'}","{'percentile_25': 36693.18082147674, 'percentile_50': 43603.25618990205, 'percentile_75': 51814.639881245246}"
2,ottawa,"{'id': 'ADMINISTRATIVE-ASSISTANT', 'title': 'Administrative Assistant'}","{'percentile_25': 24060.5785393322, 'percentile_50': 28197.414537528955, 'percentile_75': 33045.51406781415}"
3,ottawa,"{'id': 'ARCHITECT', 'title': 'Architect'}","{'percentile_25': 33183.27362218917, 'percentile_50': 40676.642570465774, 'percentile_75': 49862.14650320181}"
4,ottawa,"{'id': 'ATTORNEY', 'title': 'Attorney'}","{'percentile_25': 48563.083746339544, 'percentile_50': 63391.539664701886, 'percentile_75': 82747.77858118137}"
5,ottawa,"{'id': 'BUSINESS-ANALYST', 'title': 'Business Analyst'}","{'percentile_25': 45371.90281593392, 'percentile_50': 53582.91724711331, 'percentile_75': 63279.89003147332}"
6,ottawa,"{'id': 'BUSINESS-DEVELOPMENT', 'title': 'Business Development'}","{'percentile_25': 48185.50609357482, 'percentile_50': 59121.19519179537, 'percentile_75': 72538.73631872973}"
7,ottawa,"{'id': 'C-LEVEL-EXECUTIVE', 'title': 'C Level Executive'}","{'percentile_25': 60435.232662656854, 'percentile_50': 83794.47067058981, 'percentile_75': 116182.44864146861}"
8,ottawa,"{'id': 'CASHIER', 'title': 'Cashier'}","{'percentile_25': 18830.188166959637, 'percentile_50': 26823.35952121666, 'percentile_75': 38209.52874315409}"
9,ottawa,"{'id': 'CHEF', 'title': 'Chef'}","{'percentile_25': 22648.063774297756, 'percentile_50': 26488.507804562938, 'percentile_75': 30980.17793947807}"
10,ottawa,"{'id': 'CHEMICAL-ENGINEER', 'title': 'Chemical Engineer'}","{'percentile_25': 39490.11402406163, 'percentile_50': 47149.497711691445, 'percentile_75': 56294.47241176006}"
11,ottawa,"{'id': 'CIVIL-ENGINEER', 'title': 'Civil Engineer'}","{'percentile_25': 44183.01851327048, 'percentile_50': 54149.971963533084, 'percentile_75': 66365.30418967911}"
12,ottawa,"{'id': 'CONTENT-MARKETING', 'title': 'Content Marketing'}","{'percentile_25': 39923.95822364795, 'percentile_50': 49575.53981102088, 'percentile_75': 61560.3827102078}"
13,ottawa,"{'id': 'COPYWRITER', 'title': 'Copywriter'}","{'percentile_25': 32822.95133561613, 'percentile_50': 39282.28243828355, 'percentile_75': 47012.7654817764}"
14,ottawa,"{'id': 'CUSTOMER-SUPPORT', 'title': 'Customer Support'}","{'percentile_25': 29130.513316225737, 'percentile_50': 32944.258174759154, 'percentile_75': 37257.29563717156}"
15,ottawa,"{'id': 'DATA-ANALYST', 'title': 'Data Analyst'}","{'percentile_25': 36642.64768378738, 'percentile_50': 43310.72875210541, 'percentile_75': 51192.24028858621}"
16,ottawa,"{'id': 'DATA-SCIENTIST', 'title': 'Data Scientist'}","{'percentile_25': 53998.244675063965, 'percentile_50': 66981.11127083408, 'percentile_75': 83085.46498267338}"
17,ottawa,"{'id': 'DENTIST', 'title': 'Dentist'}","{'percentile_25': 88171.99620348826, 'percentile_50': 122926.133974632, 'percentile_75': 171379.06664918357}"
18,ottawa,"{'id': 'ELECTRICAL-ENGINEER', 'title': 'Electrical Engineer'}","{'percentile_25': 36535.44823018384, 'percentile_50': 43888.841336673744, 'percentile_75': 52722.232439572545}"
19,ottawa,"{'id': 'EXECUTIVE-ASSISTANT', 'title': 'Executive Assistant'}","{'percentile_25': 36606.653090879285, 'percentile_50': 42449.31789590136, 'percentile_75': 49224.5107837038}"
20,ottawa,"{'id': 'FASHION-DESIGNER', 'title': 'Fashion Designer'}","{'percentile_25': 27247.610982775306, 'percentile_50': 35096.41516486706, 'percentile_75': 45206.104792209924}"
21,ottawa,"{'id': 'FINANCE-MANAGER', 'title': 'Finance Manager'}","{'percentile_25': 45959.432777348324, 'percentile_50': 55384.93480772622, 'percentile_75': 66743.44782531638}"
22,ottawa,"{'id': 'FINANCIAL-ANALYST', 'title': 'Financial Analyst'}","{'percentile_25': 37059.08111563987, 'percentile_50': 42721.84957739148, 'percentile_75': 49249.91058515485}"
23,ottawa,"{'id': 'GRAPHIC-DESIGNER', 'title': 'Graphic Designer'}","{'percentile_25': 27800.166566217784, 'percentile_50': 32327.20650275551, 'percentile_75': 37591.439525463866}"
24,ottawa,"{'id': 'HARDWARE-ENGINEER', 'title': 'Hardware Engineer'}","{'percentile_25': 57751.84194913164, 'percentile_50': 66898.82027409191, 'percentile_75': 77494.53529131193}"
25,ottawa,"{'id': 'HUMAN-RESOURCES-MANAGER', 'title': 'Human Resources Manager'}","{'percentile_25': 46911.03519835096, 'percentile_50': 55767.31670041041, 'percentile_75': 66295.56561295407}"
26,ottawa,"{'id': 'IT-MANAGER', 'title': 'IT Manager'}","{'percentile_25': 58009.39521843591, 'percentile_50': 69058.41842305321, 'percentile_75': 82211.94406760241}"
27,ottawa,"{'id': 'INDUSTRIAL-DESIGNER', 'title': 'Industrial Designer'}","{'percentile_25': 27212.24619970219, 'percentile_50': 33207.75565723881, 'percentile_75': 40524.21941570354}"
28,ottawa,"{'id': 'INTERIOR-DESIGNER', 'title': 'Interior Designer'}","{'percentile_25': 24746.36012346809, 'percentile_50': 29468.650684847897, 'percentile_75': 35092.08501180916}"
29,ottawa,"{'id': 'LECTURER', 'title': 'Lecturer'}","{'percentile_25': 28166.26608311654, 'percentile_50': 38771.16382464146, 'percentile_75': 53368.91797731892}"
30,ottawa,"{'id': 'MARKETING-MANAGER', 'title': 'Marketing Manager'}","{'percentile_25': 37151.03826128232, 'percentile_50': 44931.06524751601, 'percentile_75': 54340.3554452063}"
31,ottawa,"{'id': 'MECHANICAL-ENGINEER', 'title': 'Mechanical Engineer'}","{'percentile_25': 50210.39585996598, 'percentile_50': 59551.07616501319, 'percentile_75': 70629.41073601018}"
32,ottawa,"{'id': 'MOBILE-DEVELOPER', 'title': 'Mobile Developer'}","{'percentile_25': 46771.88946279792, 'percentile_50': 56389.511956568254, 'percentile_75': 67984.78947978208}"
33,ottawa,"{'id': 'NURSE', 'title': 'Nurse'}","{'percentile_25': 38175.962265080576, 'percentile_50': 43386.76901611544, 'percentile_75': 49308.82193844765}"
34,ottawa,"{'id': 'OFFICE-MANAGER', 'title': 'Office Manager'}","{'percentile_25': 25178.5642624427, 'percentile_50': 29968.604111405384, 'percentile_75': 35669.914417074586}"
35,ottawa,"{'id': 'OPERATIONS-MANAGER', 'title': 'Operations Manager'}","{'percentile_25': 35815.643073295825, 'percentile_50': 45472.36733695636, 'percentile_75': 57732.76741103112}"
36,ottawa,"{'id': 'PHARMACIST', 'title': 'Pharmacist'}","{'percentile_25': 47688.78025644061, 'percentile_50': 59363.84587879422, 'percentile_75': 73897.17620310264}"
37,ottawa,"{'id': 'PHYSICIAN', 'title': 'Physician'}","{'percentile_25': 102303.5560190045, 'percentile_50': 139050.86787555247, 'percentile_75': 188997.76908392648}"
38,ottawa,"{'id': 'POSTDOCTORAL-RESEARCHER', 'title': 'Postdoctoral Researcher'}","{'percentile_25': 44512.077591473935, 'percentile_50': 50528.77915579605, 'percentile_75': 57358.758816152265}"
39,ottawa,"{'id': 'PRODUCT-MANAGER', 'title': 'Product Manager'}","{'percentile_25': 56172.82742978183, 'percentile_50': 66275.74203622137, 'percentile_75': 78195.70748761971}"
40,ottawa,"{'id': 'PROJECT-MANAGER', 'title': 'Project Manager'}","{'percentile_25': 44250.09340966492, 'percentile_50': 54264.17687363991, 'percentile_75': 66544.51244910884}"
41,ottawa,"{'id': 'QA-ENGINEER', 'title': 'QA Engineer'}","{'percentile_25': 36675.59660086693, 'percentile_50': 44586.106652070914, 'percentile_75': 54202.82396559166}"
42,ottawa,"{'id': 'RECEPTIONIST', 'title': 'Receptionist'}","{'percentile_25': 20857.797362973582, 'percentile_50': 23763.121372590016, 'percentile_75': 27073.133732273454}"
43,ottawa,"{'id': 'RESEARCH-SCIENTIST', 'title': 'Research Scientist'}","{'percentile_25': 41493.99607817392, 'percentile_50': 50053.04779326317, 'percentile_75': 60377.59266846062}"
44,ottawa,"{'id': 'SALES-MANAGER', 'title': 'Sales Manager'}","{'percentile_25': 35134.91964491009, 'percentile_50': 43921.09488695395, 'percentile_75': 54904.42544240373}"
45,ottawa,"{'id': 'SOFTWARE-ENGINEER', 'title': 'Software Engineer'}","{'percentile_25': 47758.38567409536, 'percentile_50': 56008.996137638096, 'percentile_75': 65684.95990951185}"
46,ottawa,"{'id': 'SYSTEMS-ADMINISTRATOR', 'title': 'Systems Administrator'}","{'percentile_25': 38590.686100686136, 'percentile_50': 45673.65902941032, 'percentile_75': 54056.64785777791}"
47,ottawa,"{'id': 'TEACHER', 'title': 'Teacher'}","{'percentile_25': 27314.128589550193, 'percentile_50': 35703.19993215822, 'percentile_75': 46668.83225713973}"
48,ottawa,"{'id': 'UX-DESIGNER', 'title': 'UX Designer'}","{'percentile_25': 62875.444013418506, 'percentile_50': 75310.90679138544, 'percentile_75': 90205.84698424266}"
49,ottawa,"{'id': 'WAITER', 'title': 'Waiter'}","{'percentile_25': 15853.8666474583, 'percentile_50': 21572.889585235112, 'percentile_75': 29354.95645356378}"
50,ottawa,"{'id': 'WEB-DESIGNER', 'title': 'Web Designer'}","{'percentile_25': 27495.024313078316, 'percentile_50': 32633.422561905143, 'percentile_75': 38732.108616369136}"
51,ottawa,"{'id': 'WEB-DEVELOPER', 'title': 'Web Developer'}","{'percentile_25': 36514.11969570707, 'percentile_50': 44075.052020893716, 'percentile_75': 53201.616986342895}"
0,halifax,"{'id': 'ACCOUNT-MANAGER', 'title': 'Account Manager'}","{'percentile_25': 37123.21223062042, 'percentile_50': 45250.38264210001, 'percentile_75': 55156.78752517925}"
1,halifax,"{'id': 'ACCOUNTANT', 'title': 'Accountant'}","{'percentile_25': 31999.86699535811, 'percentile_50': 38026.09551447925, 'percentile_75': 45187.18594318074}"
2,halifax,"{'id': 'ADMINISTRATIVE-ASSISTANT', 'title': 'Administrative Assistant'}","{'percentile_25': 19921.12416866336, 'percentile_50': 23346.24644604247, 'percentile_75': 27360.264335721047}"
3,halifax,"{'id': 'ARCHITECT', 'title': 'Architect'}","{'percentile_25': 37165.26646843229, 'percentile_50': 45557.839679089135, 'percentile_75': 55845.60406659552}"
4,halifax,"{'id': 'ATTORNEY', 'title': 'Attorney'}","{'percentile_25': 51211.979197052264, 'percentile_50': 66849.26000444208, 'percentile_75': 87261.29380679596}"
5,halifax,"{'id': 'BUSINESS-ANALYST', 'title': 'Business Analyst'}","{'percentile_25': 41813.32220523015, 'percentile_50': 49380.335505241324, 'percentile_75': 58316.76140541619}"
6,halifax,"{'id': 'BUSINESS-DEVELOPMENT', 'title': 'Business Development'}","{'percentile_25': 45003.44436429799, 'percentile_50': 55216.96532574536, 'percentile_75': 67748.4424326268}"
7,halifax,"{'id': 'C-LEVEL-EXECUTIVE', 'title': 'C Level Executive'}","{'percentile_25': 60435.232662656854, 'percentile_50': 83794.47067058981, 'percentile_75': 116182.44864146861}"
8,halifax,"{'id': 'CASHIER', 'title': 'Cashier'}","{'percentile_25': 10168.301607672201, 'percentile_50': 14484.614143560097, 'percentile_75': 20633.145532339397}"
9,halifax,"{'id': 'CHEF', 'title': 'Chef'}","{'percentile_25': 19524.192909198413, 'percentile_50': 22834.920520402535, 'percentile_75': 26707.049945579995}"
10,halifax,"{'id': 'CHEMICAL-ENGINEER', 'title': 'Chemical Engineer'}","{'percentile_25': 56273.412487484704, 'percentile_50': 67188.03424350778, 'percentile_75': 80219.62319258222}"
11,halifax,"{'id': 'CIVIL-ENGINEER', 'title': 'Civil Engineer'}","{'percentile_25': 39231.47332616706, 'percentile_50': 48081.440627237826, 'percentile_75': 58927.8132271578}"
12,halifax,"{'id': 'CONTENT-MARKETING', 'title': 'Content Marketing'}","{'percentile_25': 25870.724923088925, 'percentile_50': 32124.949799685484, 'percentile_75': 39891.12801053631}"
13,halifax,"{'id': 'COPYWRITER', 'title': 'Copywriter'}","{'percentile_25': 24550.50019003931, 'percentile_50': 29381.869791031557, 'percentile_75': 35164.01970365518}"
14,halifax,"{'id': 'CUSTOMER-SUPPORT', 'title': 'Customer Support'}","{'percentile_25': 23248.390431650558, 'percentile_50': 26292.052195982524, 'percentile_75': 29734.187865976557}"
15,halifax,"{'id': 'DATA-ANALYST', 'title': 'Data Analyst'}","{'percentile_25': 38371.07446465783, 'percentile_50': 45353.68765374874, 'percentile_75': 53606.96859527317}"
16,halifax,"{'id': 'DATA-SCIENTIST', 'title': 'Data Scientist'}","{'percentile_25': 41162.596437189786, 'percentile_50': 51059.37173265281, 'percentile_75': 63335.64127110763}"
17,halifax,"{'id': 'DENTIST', 'title': 'Dentist'}","{'percentile_25': 66478.88601578482, 'percentile_50': 92682.40260484235, 'percentile_75': 129214.37568262596}"
18,halifax,"{'id': 'ELECTRICAL-ENGINEER', 'title': 'Electrical Engineer'}","{'percentile_25': 41633.41774631772, 'percentile_50': 50012.865708376106, 'percentile_75': 60078.82301676494}"
19,halifax,"{'id': 'EXECUTIVE-ASSISTANT', 'title': 'Executive Assistant'}","{'percentile_25': 29761.50658183133, 'percentile_50': 34511.64056531817, 'percentile_75': 40019.927460151615}"
20,halifax,"{'id': 'FASHION-DESIGNER', 'title': 'Fashion Designer'}","{'percentile_25': 25253.88336801572, 'percentile_50': 32528.384784447608, 'percentile_75': 41898.340990406694}"
21,halifax,"{'id': 'FINANCE-MANAGER', 'title': 'Finance Manager'}","{'percentile_25': 47458.10992260563, 'percentile_50': 57190.96528094934, 'percentile_75': 68919.86459428667}"
22,halifax,"{'id': 'FINANCIAL-ANALYST', 'title': 'Financial Analyst'}","{'percentile_25': 33584.792264665695, 'percentile_50': 38716.67617961922, 'percentile_75': 44632.73146323912}"
23,halifax,"{'id': 'GRAPHIC-DESIGNER', 'title': 'Graphic Designer'}","{'percentile_25': 33295.548326955875, 'percentile_50': 38717.46825064098, 'percentile_75': 45022.305475166984}"
24,halifax,"{'id': 'HARDWARE-ENGINEER', 'title': 'Hardware Engineer'}","{'percentile_25': 44605.081173942235, 'percentile_50': 51669.82053603293, 'percentile_75': 59853.502873692756}"
25,halifax,"{'id': 'HUMAN-RESOURCES-MANAGER', 'title': 'Human Resources Manager'}","{'percentile_25': 36199.06653490325, 'percentile_50': 43033.04753307423, 'percentile_75': 51157.20810640995}"
26,halifax,"{'id': 'IT-MANAGER', 'title': 'IT Manager'}","{'percentile_25': 39465.40822471152, 'percentile_50': 46982.366632026016, 'percentile_75': 55931.07669830132}"
27,halifax,"{'id': 'INDUSTRIAL-DESIGNER', 'title': 'Industrial Designer'}","{'percentile_25': 30413.686935077472, 'percentile_50': 37114.550436575024, 'percentile_75': 45291.77462270615}"
28,halifax,"{'id': 'INTERIOR-DESIGNER', 'title': 'Interior Designer'}","{'percentile_25': 25009.619275794037, 'percentile_50': 29782.14696761589, 'percentile_75': 35465.40505953029}"
29,halifax,"{'id': 'LECTURER', 'title': 'Lecturer'}","{'percentile_25': 38202.521819601, 'percentile_50': 52586.176213181374, 'percentile_75': 72385.42894581727}"
30,halifax,"{'id': 'MARKETING-MANAGER', 'title': 'Marketing Manager'}","{'percentile_25': 31740.69288399081, 'percentile_50': 38387.7062300947, 'percentile_75': 46426.711445587425}"
31,halifax,"{'id': 'MECHANICAL-ENGINEER', 'title': 'Mechanical Engineer'}","{'percentile_25': 41553.431057213165, 'percentile_50': 49283.649238703656, 'percentile_75': 58451.92612228231}"
32,halifax,"{'id': 'MOBILE-DEVELOPER', 'title': 'Mobile Developer'}","{'percentile_25': 41141.93980132461, 'percentile_50': 49601.885515142516, 'percentile_75': 59801.43519091171}"
33,halifax,"{'id': 'NURSE', 'title': 'Nurse'}","{'percentile_25': 38175.962265080576, 'percentile_50': 43386.76901611544, 'percentile_75': 49308.82193844765}"
34,halifax,"{'id': 'OFFICE-MANAGER', 'title': 'Office Manager'}","{'percentile_25': 23029.17462962386, 'percentile_50': 27410.308638574486, 'percentile_75': 32624.92172409145}"
35,halifax,"{'id': 'OPERATIONS-MANAGER', 'title': 'Operations Manager'}","{'percentile_25': 44769.55384784345, 'percentile_50': 56840.45917328886, 'percentile_75': 72165.95925907238}"
36,halifax,"{'id': 'PHARMACIST', 'title': 'Pharmacist'}","{'percentile_25': 49881.36787399138, 'percentile_50': 62093.2181135414, 'percentile_75': 77294.74751846482}"
37,halifax,"{'id': 'PHYSICIAN', 'title': 'Physician'}","{'percentile_25': 84400.43377016878, 'percentile_50': 114716.96598391909, 'percentile_75': 155923.1593571149}"
38,halifax,"{'id': 'POSTDOCTORAL-RESEARCHER', 'title': 'Postdoctoral Researcher'}","{'percentile_25': 32642.19023609883, 'percentile_50': 37054.4380484553, 'percentile_75': 42063.089797460445}"
39,halifax,"{'id': 'PRODUCT-MANAGER', 'title': 'Product Manager'}","{'percentile_25': 39744.92506005915, 'percentile_50': 46893.213701524845, 'percentile_75': 55327.1515277479}"
40,halifax,"{'id': 'PROJECT-MANAGER', 'title': 'Project Manager'}","{'percentile_25': 47228.46508196554, 'percentile_50': 57916.57339333919, 'percentile_75': 71023.47001547833}"
41,halifax,"{'id': 'QA-ENGINEER', 'title': 'QA Engineer'}","{'percentile_25': 33827.006575218446, 'percentile_50': 41123.10807835687, 'percentile_75': 49992.8958911523}"
42,halifax,"{'id': 'RECEPTIONIST', 'title': 'Receptionist'}","{'percentile_25': 21306.35214315196, 'percentile_50': 24274.156240732013, 'percentile_75': 27655.35166416809}"
43,halifax,"{'id': 'RESEARCH-SCIENTIST', 'title': 'Research Scientist'}","{'percentile_25': 33913.3621802313, 'percentile_50': 40908.7409838894, 'percentile_75': 49347.07092717807}"
44,halifax,"{'id': 'SALES-MANAGER', 'title': 'Sales Manager'}","{'percentile_25': 28239.28121666368, 'percentile_50': 35301.06691806812, 'percentile_75': 44128.790530921004}"
45,halifax,"{'id': 'SOFTWARE-ENGINEER', 'title': 'Software Engineer'}","{'percentile_25': 40192.70081656199, 'percentile_50': 47136.283878726295, 'percentile_75': 55279.421704856795}"
46,halifax,"{'id': 'SYSTEMS-ADMINISTRATOR', 'title': 'Systems Administrator'}","{'percentile_25': 39019.47150361039, 'percentile_50': 46181.14412992834, 'percentile_75': 54657.277276343455}"
47,halifax,"{'id': 'TEACHER', 'title': 'Teacher'}","{'percentile_25': 22575.963431157288, 'percentile_50': 29509.78770322723, 'percentile_75': 38573.21850050944}"
48,halifax,"{'id': 'UX-DESIGNER', 'title': 'UX Designer'}","{'percentile_25': 41770.399872320035, 'percentile_50': 50031.72129265643, 'percentile_75': 59926.96127299531}"
49,halifax,"{'id': 'WAITER', 'title': 'Waiter'}","{'percentile_25': 15213.306386514247, 'percentile_50': 20701.257686078607, 'percentile_75': 28168.897601727618}"
50,halifax,"{'id': 'WEB-DESIGNER', 'title': 'Web Designer'}","{'percentile_25': 31095.563210994074, 'percentile_50': 36906.84694518619, 'percentile_75': 43804.17045972053}"
51,halifax,"{'id': 'WEB-DEVELOPER', 'title': 'Web Developer'}","{'percentile_25': 29689.050593954926, 'percentile_50': 35836.72454064139, 'percentile_75': 43257.38951259368}"
0,quebec,"{'id': 'ACCOUNT-MANAGER', 'title': 'Account Manager'}","{'percentile_25': 40386.79132513297, 'percentile_50': 49228.43825668107, 'percentile_75': 60005.73587740647}"
1,quebec,"{'id': 'ACCOUNTANT', 'title': 'Accountant'}","{'percentile_25': 42239.82443361453, 'percentile_50': 50194.446078734436, 'percentile_75': 59647.08544446435}"
2,quebec,"{'id': 'ADMINISTRATIVE-ASSISTANT', 'title': 'Administrative Assistant'}","{'percentile_25': 38807.38474431454, 'percentile_50': 45479.700869120104, 'percentile_75': 53299.21623867411}"
3,quebec,"{'id': 'ARCHITECT', 'title': 'Architect'}","{'percentile_25': 42474.59024811859, 'percentile_50': 52066.102488423676, 'percentile_75': 63823.54750214726}"
4,quebec,"{'id': 'ATTORNEY', 'title': 'Attorney'}","{'percentile_25': 43706.77535537944, 'percentile_50': 57052.38569496086, 'percentile_75': 74473.00074234261}"
5,quebec,"{'id': 'BUSINESS-ANALYST', 'title': 'Business Analyst'}","{'percentile_25': 44037.43508748808, 'percentile_50': 52006.94909246341, 'percentile_75': 61418.71679248974}"
6,quebec,"{'id': 'BUSINESS-DEVELOPMENT', 'title': 'Business Development'}","{'percentile_25': 45003.44436429799, 'percentile_50': 55216.96532574536, 'percentile_75': 67748.4424326268}"
7,quebec,"{'id': 'C-LEVEL-EXECUTIVE', 'title': 'C Level Executive'}","{'percentile_25': 62979.87403426482, 'percentile_50': 87322.65891773948, 'percentile_75': 121074.34124614595}"
8,quebec,"{'id': 'CASHIER', 'title': 'Cashier'}","{'percentile_25': 12427.924185265078, 'percentile_50': 17703.417282472798, 'percentile_75': 25218.2889761225}"
9,quebec,"{'id': 'CHEF', 'title': 'Chef'}","{'percentile_25': 25771.93463613466, 'percentile_50': 30142.09508758394, 'percentile_75': 35253.305935173594}"
10,quebec,"{'id': 'CHEMICAL-ENGINEER', 'title': 'Chemical Engineer'}","{'percentile_25': 37021.981903338485, 'percentile_50': 44202.65410835439, 'percentile_75': 52776.06788648523}"
11,quebec,"{'id': 'CIVIL-ENGINEER', 'title': 'Civil Engineer'}","{'percentile_25': 45325.68277935622, 'percentile_50': 55550.40227796603, 'percentile_75': 68081.64828460822}"
12,quebec,"{'id': 'CONTENT-MARKETING', 'title': 'Content Marketing'}","{'percentile_25': 35452.47489062257, 'percentile_50': 44023.07935350391, 'percentile_75': 54665.61986840375}"
13,quebec,"{'id': 'COPYWRITER', 'title': 'Copywriter'}","{'percentile_25': 26418.473028914763, 'percentile_50': 31617.446838656106, 'percentile_75': 37839.5429403177}"
14,quebec,"{'id': 'CUSTOMER-SUPPORT', 'title': 'Customer Support'}","{'percentile_25': 42015.163438547155, 'percentile_50': 47515.7569815236, 'percentile_75': 53736.484086976554}"
15,quebec,"{'id': 'DATA-ANALYST', 'title': 'Data Analyst'}","{'percentile_25': 34222.85019898245, 'percentile_50': 40450.58628530192, 'percentile_75': 47811.62063682546}"
16,quebec,"{'id': 'DATA-SCIENTIST', 'title': 'Data Scientist'}","{'percentile_25': 33195.6422514658, 'percentile_50': 41176.912660122274, 'percentile_75': 51077.13004541941}"
17,quebec,"{'id': 'DENTIST', 'title': 'Dentist'}","{'percentile_25': 69277.99699439314, 'percentile_50': 96584.8196088132, 'percentile_75': 134654.9811424539}"
18,quebec,"{'id': 'ELECTRICAL-ENGINEER', 'title': 'Electrical Engineer'}","{'percentile_25': 40358.925366584954, 'percentile_50': 48481.85961394396, 'percentile_75': 58239.675369856406}"
19,quebec,"{'id': 'EXECUTIVE-ASSISTANT', 'title': 'Executive Assistant'}","{'percentile_25': 27082.970985458433, 'percentile_50': 31405.592915615045, 'percentile_75': 36418.13399685384}"
20,quebec,"{'id': 'FASHION-DESIGNER', 'title': 'Fashion Designer'}","{'percentile_25': 21931.003976611482, 'percentile_50': 28248.33416406562, 'percentile_75': 36385.40141143185}"
21,quebec,"{'id': 'FINANCE-MANAGER', 'title': 'Finance Manager'}","{'percentile_25': 55950.613809964685, 'percentile_50': 67425.13801820051, 'percentile_75': 81252.89299263644}"
22,quebec,"{'id': 'FINANCIAL-ANALYST', 'title': 'Financial Analyst'}","{'percentile_25': 45937.8192989968, 'percentile_50': 52957.292705305976, 'percentile_75': 61049.36833030509}"
23,quebec,"{'id': 'GRAPHIC-DESIGNER', 'title': 'Graphic Designer'}","{'percentile_25': 27800.166566217784, 'percentile_50': 32327.20650275551, 'percentile_75': 37591.439525463866}"
24,quebec,"{'id': 'HARDWARE-ENGINEER', 'title': 'Hardware Engineer'}","{'percentile_25': 47891.77136894782, 'percentile_50': 55477.07047028065, 'percentile_75': 64263.760975857644}"
25,quebec,"{'id': 'HUMAN-RESOURCES-MANAGER', 'title': 'Human Resources Manager'}","{'percentile_25': 36568.44476647062, 'percentile_50': 43472.16026257171, 'percentile_75': 51679.22043071112}"
26,quebec,"{'id': 'IT-MANAGER', 'title': 'IT Manager'}","{'percentile_25': 36612.48714979887, 'percentile_50': 43586.05097115775, 'percentile_75': 51887.866330621495}"
27,quebec,"{'id': 'INDUSTRIAL-DESIGNER', 'title': 'Industrial Designer'}","{'percentile_25': 31694.263230010783, 'percentile_50': 38677.26834845082, 'percentile_75': 47198.79670468575}"
28,quebec,"{'id': 'INTERIOR-DESIGNER', 'title': 'Interior Designer'}","{'percentile_25': 26062.655873650452, 'percentile_50': 31036.13210369236, 'percentile_75': 36958.68527856703}"
29,quebec,"{'id': 'LECTURER', 'title': 'Lecturer'}","{'percentile_25': 32051.2683358715, 'percentile_50': 44118.910556723196, 'percentile_75': 60730.14797151287}"
30,quebec,"{'id': 'MARKETING-MANAGER', 'title': 'Marketing Manager'}","{'percentile_25': 29576.55472994473, 'percentile_50': 35770.362623451816, 'percentile_75': 43261.253851104986}"
31,quebec,"{'id': 'MECHANICAL-ENGINEER', 'title': 'Mechanical Engineer'}","{'percentile_25': 32896.46625471784, 'percentile_50': 39016.22231328949, 'percentile_75': 46274.441510316115}"
32,quebec,"{'id': 'MOBILE-DEVELOPER', 'title': 'Mobile Developer'}","{'percentile_25': 42874.23201664659, 'percentile_50': 51690.38595686481, 'percentile_75': 62319.39033525409}"
33,quebec,"{'id': 'NURSE', 'title': 'Nurse'}","{'percentile_25': 33059.59619038087, 'percentile_50': 37572.047397563045, 'percentile_75': 42700.42312420818}"
34,quebec,"{'id': 'OFFICE-MANAGER', 'title': 'Office Manager'}","{'percentile_25': 30705.566173682862, 'percentile_50': 36547.07818502777, 'percentile_75': 43499.895631539446}"
35,quebec,"{'id': 'OPERATIONS-MANAGER', 'title': 'Operations Manager'}","{'percentile_25': 53723.464606331145, 'percentile_50': 68208.55101036088, 'percentile_75': 86599.15113487917}"
36,quebec,"{'id': 'PHARMACIST', 'title': 'Pharmacist'}","{'percentile_25': 61940.59966207504, 'percentile_50': 77104.76534494746, 'percentile_75': 95981.38977236125}"
37,quebec,"{'id': 'PHYSICIAN', 'title': 'Physician'}","{'percentile_25': 84400.43377016878, 'percentile_50': 114716.96598391909, 'percentile_75': 155923.1593571149}"
38,quebec,"{'id': 'POSTDOCTORAL-RESEARCHER', 'title': 'Postdoctoral Researcher'}","{'percentile_25': 32642.19023609883, 'percentile_50': 37054.4380484553, 'percentile_75': 42063.089797460445}"
39,quebec,"{'id': 'PRODUCT-MANAGER', 'title': 'Product Manager'}","{'percentile_25': 52463.30108573302, 'percentile_50': 61899.04208961883, 'percentile_75': 73031.84001615079}"
40,quebec,"{'id': 'PROJECT-MANAGER', 'title': 'Project Manager'}","{'percentile_25': 34464.01505722276, 'percentile_50': 42263.44544986885, 'percentile_75': 51827.937584413834}"
41,quebec,"{'id': 'QA-ENGINEER', 'title': 'QA Engineer'}","{'percentile_25': 39524.186628622134, 'percentile_50': 48049.105225857296, 'percentile_75': 58412.75203709339}"
42,quebec,"{'id': 'RECEPTIONIST', 'title': 'Receptionist'}","{'percentile_25': 22203.46170736169, 'percentile_50': 25296.22597761432, 'percentile_75': 28819.78752431956}"
43,quebec,"{'id': 'RESEARCH-SCIENTIST', 'title': 'Research Scientist'}","{'percentile_25': 37903.16949147834, 'percentile_50': 45721.53404331158, 'percentile_75': 55152.60869526206}"
44,quebec,"{'id': 'SALES-MANAGER', 'title': 'Sales Manager'}","{'percentile_25': 30866.191097861883, 'percentile_50': 38584.88709792878, 'percentile_75': 48233.794303925}"
45,quebec,"{'id': 'SOFTWARE-ENGINEER', 'title': 'Software Engineer'}","{'percentile_25': 46339.81976799523, 'percentile_50': 54345.362589367665, 'percentile_75': 63733.92149033848}"
46,quebec,"{'id': 'SYSTEMS-ADMINISTRATOR', 'title': 'Systems Administrator'}","{'percentile_25': 44164.89631721469, 'percentile_50': 52270.96533389983, 'percentile_75': 61864.83032391438}"
47,quebec,"{'id': 'TEACHER', 'title': 'Teacher'}","{'percentile_25': 24248.257014238847, 'percentile_50': 31695.697913340326, 'percentile_75': 41430.493978342594}"
48,quebec,"{'id': 'UX-DESIGNER', 'title': 'UX Designer'}","{'percentile_25': 40011.64619110559, 'percentile_50': 47925.12250551469, 'percentile_75': 57403.72081164616}"
49,quebec,"{'id': 'WAITER', 'title': 'Waiter'}","{'percentile_25': 15853.8666474583, 'percentile_50': 21572.889585235112, 'percentile_75': 29354.95645356378}"
50,quebec,"{'id': 'WEB-DESIGNER', 'title': 'Web Designer'}","{'percentile_25': 24549.12884500702, 'percentile_50': 29136.984433928767, 'percentile_75': 34582.23985311298}"
51,quebec,"{'id': 'WEB-DEVELOPER', 'title': 'Web Developer'}","{'percentile_25': 30712.81095923636, 'percentile_50': 37072.47366268001, 'percentile_75': 44749.0236336308}"
0,toronto,"{'id': 'ACCOUNT-MANAGER', 'title': 'Account Manager'}","{'percentile_25': 41202.68610304559, 'percentile_50': 50222.952163230795, 'percentile_75': 61217.97296617814}"
1,toronto,"{'id': 'ACCOUNTANT', 'title': 'Accountant'}","{'percentile_25': 37546.510606425465, 'percentile_50': 44617.28540383657, 'percentile_75': 53019.631509158986}"
2,toronto,"{'id': 'ADMINISTRATIVE-ASSISTANT', 'title': 'Administrative Assistant'}","{'percentile_25': 25095.442137109225, 'percentile_50': 29410.206560304974, 'percentile_75': 34466.82649359536}"
3,toronto,"{'id': 'ARCHITECT', 'title': 'Architect'}","{'percentile_25': 38935.041055132126, 'percentile_50': 47727.26061688775, 'percentile_75': 58504.91855824226}"
4,toronto,"{'id': 'ATTORNEY', 'title': 'Attorney'}","{'percentile_25': 55185.32242053897, 'percentile_50': 72035.8405321648, 'percentile_75': 94031.5666117077}"
5,toronto,"{'id': 'BUSINESS-ANALYST', 'title': 'Business Analyst'}","{'percentile_25': 40034.03189558727, 'percentile_50': 47279.04463240304, 'percentile_75': 55835.197093879135}"
6,toronto,"{'id': 'BUSINESS-DEVELOPMENT', 'title': 'Business Development'}","{'percentile_25': 50003.827065351186, 'percentile_50': 61352.183692475606, 'percentile_75': 75276.04714966897}"
7,toronto,"{'id': 'C-LEVEL-EXECUTIVE', 'title': 'C Level Executive'}","{'percentile_25': 91607.08949422753, 'percentile_50': 127014.7765989223, 'percentile_75': 176108.13271707227}"
8,toronto,"{'id': 'CASHIER', 'title': 'Cashier'}","{'percentile_25': 14813.08135855636, 'percentile_50': 21101.04282568604, 'percentile_75': 30058.16261680409}"
9,toronto,"{'id': 'CHEF', 'title': 'Chef'}","{'percentile_25': 27333.870074275826, 'percentile_50': 31968.888728280006, 'percentile_75': 37389.869921236364}"
10,toronto,"{'id': 'CHEMICAL-ENGINEER', 'title': 'Chemical Engineer'}","{'percentile_25': 41958.24615413298, 'percentile_50': 50096.34132289805, 'percentile_75': 59812.87694250053}"
11,toronto,"{'id': 'CIVIL-ENGINEER', 'title': 'Civil Engineer'}","{'percentile_25': 40374.1376062054, 'percentile_50': 49481.87093169955, 'percentile_75': 60644.15727668823}"
12,toronto,"{'id': 'CONTENT-MARKETING', 'title': 'Content Marketing'}","{'percentile_25': 31300.383238608498, 'percentile_50': 38867.22321267936, 'percentile_75': 48263.340060350005}"
13,toronto,"{'id': 'COPYWRITER', 'title': 'Copywriter'}","{'percentile_25': 29353.858919375, 'percentile_50': 35130.496489902165, 'percentile_75': 42043.9366087035}"
14,toronto,"{'id': 'CUSTOMER-SUPPORT', 'title': 'Customer Support'}","{'percentile_25': 26329.50241992415, 'percentile_50': 29776.541041618377, 'percentile_75': 33674.86336286555}"
15,toronto,"{'id': 'DATA-ANALYST', 'title': 'Data Analyst'}","{'percentile_25': 40099.50123771417, 'percentile_50': 47396.64656069533, 'percentile_75': 56021.696925413635}"
16,toronto,"{'id': 'DATA-SCIENTIST', 'title': 'Data Scientist'}","{'percentile_25': 55768.678980511024, 'percentile_50': 69177.2132951579, 'percentile_75': 85809.57854418806}"
17,toronto,"{'id': 'DENTIST', 'title': 'Dentist'}","{'percentile_25': 59481.10854675693, 'percentile_50': 82926.36025979435, 'percentile_75': 115612.8625365396}"
18,toronto,"{'id': 'ELECTRICAL-ENGINEER', 'title': 'Electrical Engineer'}","{'percentile_25': 45456.894894352175, 'percentile_50': 54605.88398848196, 'percentile_75': 65596.26593707409}"
19,toronto,"{'id': 'EXECUTIVE-ASSISTANT', 'title': 'Executive Assistant'}","{'percentile_25': 34225.73256513901, 'percentile_50': 39688.386649517415, 'percentile_75': 46022.91658312075}"
20,toronto,"{'id': 'FASHION-DESIGNER', 'title': 'Fashion Designer'}","{'percentile_25': 30570.490378594186, 'percentile_50': 39376.46580102376, 'percentile_75': 50719.04440449789}"
21,toronto,"{'id': 'FINANCE-MANAGER', 'title': 'Finance Manager'}","{'percentile_25': 56949.73191798876, 'percentile_50': 68629.15833706045, 'percentile_75': 82703.8374971801}"
22,toronto,"{'id': 'FINANCIAL-ANALYST', 'title': 'Financial Analyst'}","{'percentile_25': 45165.75511443862, 'percentile_50': 52067.25417326125, 'percentile_75': 60023.328521221534}"
23,toronto,"{'id': 'GRAPHIC-DESIGNER', 'title': 'Graphic Designer'}","{'percentile_25': 32649.03282691806, 'percentile_50': 37965.67275151844, 'percentile_75': 44148.08595147752}"
24,toronto,"{'id': 'HARDWARE-ENGINEER', 'title': 'Hardware Engineer'}","{'percentile_25': 53995.62458525166, 'percentile_50': 62547.67749355085, 'percentile_75': 72454.24031831327}"
25,toronto,"{'id': 'HUMAN-RESOURCES-MANAGER', 'title': 'Human Resources Manager'}","{'percentile_25': 41370.36174337846, 'percentile_50': 49180.62575085412, 'percentile_75': 58465.380705371914}"
26,toronto,"{'id': 'IT-MANAGER', 'title': 'IT Manager'}","{'percentile_25': 56107.44781878355, 'percentile_50': 66794.20798154139, 'percentile_75': 79516.47051013798}"
27,toronto,"{'id': 'INDUSTRIAL-DESIGNER', 'title': 'Industrial Designer'}","{'percentile_25': 29773.39878121832, 'percentile_50': 36333.191480866655, 'percentile_75': 44338.263591796196}"
28,toronto,"{'id': 'INTERIOR-DESIGNER', 'title': 'Interior Designer'}","{'percentile_25': 37119.540182295954, 'percentile_50': 44202.976025512406, 'percentile_75': 52638.12751764453}"
29,toronto,"{'id': 'LECTURER', 'title': 'Lecturer'}","{'percentile_25': 43058.77459262553, 'percentile_50': 59270.8596374885, 'percentile_75': 81586.96654522362}"
30,toronto,"{'id': 'MARKETING-MANAGER', 'title': 'Marketing Manager'}","{'percentile_25': 43643.452708034834, 'percentile_50': 52783.096065760576, 'percentile_75': 63836.728247084626}"
31,toronto,"{'id': 'MECHANICAL-ENGINEER', 'title': 'Mechanical Engineer'}","{'percentile_25': 42851.97577081145, 'percentile_50': 50823.76328140925, 'percentile_75': 60278.5488328444}"
32,toronto,"{'id': 'MOBILE-DEVELOPER', 'title': 'Mobile Developer'}","{'percentile_25': 44173.45115581097, 'percentile_50': 53256.76129094886, 'percentile_75': 64207.856732697204}"
33,toronto,"{'id': 'NURSE', 'title': 'Nurse'}","{'percentile_25': 41324.49520161009, 'percentile_50': 46965.05923695683, 'percentile_75': 53375.52892950826}"
34,toronto,"{'id': 'OFFICE-MANAGER', 'title': 'Office Manager'}","{'percentile_25': 28556.17654117384, 'percentile_50': 33988.7827118606, 'percentile_75': 40454.90293731691}"
35,toronto,"{'id': 'OPERATIONS-MANAGER', 'title': 'Operations Manager'}","{'percentile_25': 43490.42371861735, 'percentile_50': 55216.44605411783, 'percentile_75': 70104.07474007092}"
36,toronto,"{'id': 'PHARMACIST', 'title': 'Pharmacist'}","{'percentile_25': 52073.955460415855, 'percentile_50': 64822.59033691707, 'percentile_75': 80692.31885374851}"
37,toronto,"{'id': 'PHYSICIAN', 'title': 'Physician'}","{'percentile_25': 65644.78188603562, 'percentile_50': 89224.30689462807, 'percentile_75': 121273.56831876813}"
38,toronto,"{'id': 'POSTDOCTORAL-RESEARCHER', 'title': 'Postdoctoral Researcher'}","{'percentile_25': 29674.718390602553, 'percentile_50': 33685.85277054129, 'percentile_75': 38239.17254891069}"
39,toronto,"{'id': 'PRODUCT-MANAGER', 'title': 'Product Manager'}","{'percentile_25': 58822.48909954092, 'percentile_50': 69401.95628052809, 'percentile_75': 81884.18425159644}"
40,toronto,"{'id': 'PROJECT-MANAGER', 'title': 'Project Manager'}","{'percentile_25': 44250.09340966492, 'percentile_50': 54264.17687363991, 'percentile_75': 66544.51244910884}"
41,toronto,"{'id': 'QA-ENGINEER', 'title': 'QA Engineer'}","{'percentile_25': 36675.59660086693, 'percentile_50': 44586.106652070914, 'percentile_75': 54202.82396559166}"
42,toronto,"{'id': 'RECEPTIONIST', 'title': 'Receptionist'}","{'percentile_25': 20857.797362973582, 'percentile_50': 23763.121372590016, 'percentile_75': 27073.133732273454}"
43,toronto,"{'id': 'RESEARCH-SCIENTIST', 'title': 'Research Scientist'}","{'percentile_25': 42291.9575405744, 'percentile_50': 51015.60640472876, 'percentile_75': 61538.700220847095}"
44,toronto,"{'id': 'SALES-MANAGER', 'title': 'Sales Manager'}","{'percentile_25': 47612.74157566909, 'percentile_50': 59519.24074068071, 'percentile_75': 74403.19337035202}"
45,toronto,"{'id': 'SOFTWARE-ENGINEER', 'title': 'Software Engineer'}","{'percentile_25': 49176.951588690325, 'percentile_50': 57672.629687058376, 'percentile_75': 67635.99831969877}"
46,toronto,"{'id': 'SYSTEMS-ADMINISTRATOR', 'title': 'Systems Administrator'}","{'percentile_25': 41163.39850872837, 'percentile_50': 48718.56963125196, 'percentile_75': 57660.42437948517}"
47,toronto,"{'id': 'TEACHER', 'title': 'Teacher'}","{'percentile_25': 30937.431360125975, 'percentile_50': 40439.338717551516, 'percentile_75': 52859.595771761}"
48,toronto,"{'id': 'UX-DESIGNER', 'title': 'UX Designer'}","{'percentile_25': 43529.15355888419, 'percentile_50': 52138.320085127, 'percentile_75': 62450.20173943489}"
49,toronto,"{'id': 'WAITER', 'title': 'Waiter'}","{'percentile_25': 20658.06867188739, 'percentile_50': 28110.128855695235, 'percentile_75': 38250.39779053055}"
50,toronto,"{'id': 'WEB-DESIGNER', 'title': 'Web Designer'}","{'percentile_25': 36005.38897998035, 'percentile_50': 42734.24383074356, 'percentile_75': 50720.618427448535}"
51,toronto,"{'id': 'WEB-DEVELOPER', 'title': 'Web Developer'}","{'percentile_25': 36172.86624239922, 'percentile_50': 43663.13564763791, 'percentile_75': 52704.40561188935}"
0,winnipeg,"{'id': 'ACCOUNT-MANAGER', 'title': 'Account Manager'}","{'percentile_25': 30596.054048006245, 'percentile_50': 37294.27140376145, 'percentile_75': 45458.890788828794}"
1,winnipeg,"{'id': 'ACCOUNTANT', 'title': 'Accountant'}","{'percentile_25': 33279.86167417232, 'percentile_50': 39547.13933571437, 'percentile_75': 46994.67338387917}"
2,winnipeg,"{'id': 'ADMINISTRATIVE-ASSISTANT', 'title': 'Administrative Assistant'}","{'percentile_25': 28717.464708397038, 'percentile_50': 33654.97864197836, 'percentile_75': 39441.42001716567}"
3,winnipeg,"{'id': 'ARCHITECT', 'title': 'Architect'}","{'percentile_25': 35395.491869332975, 'percentile_50': 43388.418742296446, 'percentile_75': 53186.28959604675}"
4,winnipeg,"{'id': 'ATTORNEY', 'title': 'Attorney'}","{'percentile_25': 36643.05409481677, 'percentile_50': 47831.798108526054, 'percentile_75': 62436.96020464685}"
5,winnipeg,"{'id': 'BUSINESS-ANALYST', 'title': 'Business Analyst'}","{'percentile_25': 45371.90281593392, 'percentile_50': 53582.91724711331, 'percentile_75': 63279.89003147332}"
6,winnipeg,"{'id': 'BUSINESS-DEVELOPMENT', 'title': 'Business Development'}","{'percentile_25': 34093.51845631401, 'percentile_50': 41831.034333578646, 'percentile_75': 51324.577592635396}"
7,winnipeg,"{'id': 'C-LEVEL-EXECUTIVE', 'title': 'C Level Executive'}","{'percentile_25': 95424.05154565272, 'percentile_50': 132307.05896854724, 'percentile_75': 183445.97163254832}"
8,winnipeg,"{'id': 'CASHIER', 'title': 'Cashier'}","{'percentile_25': 13432.20088677386, 'percentile_50': 19133.996457719953, 'percentile_75': 27256.13051279877}"
9,winnipeg,"{'id': 'CHEF', 'title': 'Chef'}","{'percentile_25': 25771.93463613466, 'percentile_50': 30142.09508758394, 'percentile_75': 35253.305935173594}"
10,winnipeg,"{'id': 'CHEMICAL-ENGINEER', 'title': 'Chemical Engineer'}","{'percentile_25': 37021.981903338485, 'percentile_50': 44202.65410835439, 'percentile_75': 52776.06788648523}"
11,winnipeg,"{'id': 'CIVIL-ENGINEER', 'title': 'Civil Engineer'}","{'percentile_25': 37327.03287835175, 'percentile_50': 45747.39011047656, 'percentile_75': 56067.23976000478}"
12,winnipeg,"{'id': 'CONTENT-MARKETING', 'title': 'Content Marketing'}","{'percentile_25': 28745.249922780527, 'percentile_50': 35694.38866144976, 'percentile_75': 44323.47554247288}"
13,winnipeg,"{'id': 'COPYWRITER', 'title': 'Copywriter'}","{'percentile_25': 37626.31007905604, 'percentile_50': 45030.90913805348, 'percentile_75': 53892.68236877563}"
14,winnipeg,"{'id': 'CUSTOMER-SUPPORT', 'title': 'Customer Support'}","{'percentile_25': 27730.00786414967, 'percentile_50': 31360.399606344283, 'percentile_75': 35466.079500866974}"
15,winnipeg,"{'id': 'DATA-ANALYST', 'title': 'Data Analyst'}","{'percentile_25': 31111.682000674136, 'percentile_50': 36773.26026107903, 'percentile_75': 43465.109671658145}"
16,winnipeg,"{'id': 'DATA-SCIENTIST', 'title': 'Data Scientist'}","{'percentile_25': 39834.77068186757, 'percentile_50': 49412.295185702365, 'percentile_75': 61292.55606912199}"
17,winnipeg,"{'id': 'DENTIST', 'title': 'Dentist'}","{'percentile_25': 62979.997270864624, 'percentile_50': 87804.38141520716, 'percentile_75': 122413.6190820977}"
18,winnipeg,"{'id': 'ELECTRICAL-ENGINEER', 'title': 'Electrical Engineer'}","{'percentile_25': 48430.71044139972, 'percentile_50': 58178.23154108781, 'percentile_75': 69887.61045212949}"
19,winnipeg,"{'id': 'EXECUTIVE-ASSISTANT', 'title': 'Executive Assistant'}","{'percentile_25': 24404.435394293916, 'percentile_50': 28299.545264721604, 'percentile_75': 32816.34052379182}"
20,winnipeg,"{'id': 'FASHION-DESIGNER', 'title': 'Fashion Designer'}","{'percentile_25': 16835.92223808338, 'percentile_50': 21685.589856454542, 'percentile_75': 27932.22733938569}"
21,winnipeg,"{'id': 'FINANCE-MANAGER', 'title': 'Finance Manager'}","{'percentile_25': 38965.6060512765, 'percentile_50': 46956.79255104272, 'percentile_75': 56586.83619035942}"
22,winnipeg,"{'id': 'FINANCIAL-ANALYST', 'title': 'Financial Analyst'}","{'percentile_25': 34742.88854574616, 'percentile_50': 40051.73397914161, 'percentile_75': 46171.791174580794}"
23,winnipeg,"{'id': 'GRAPHIC-DESIGNER', 'title': 'Graphic Designer'}","{'percentile_25': 24244.33130817765, 'percentile_50': 28192.331249720915, 'percentile_75': 32783.232137481165}"
24,winnipeg,"{'id': 'HARDWARE-ENGINEER', 'title': 'Hardware Engineer'}","{'percentile_25': 44605.081173942235, 'percentile_50': 51669.82053603293, 'percentile_75': 59853.502873692756}"
25,winnipeg,"{'id': 'HUMAN-RESOURCES-MANAGER', 'title': 'Human Resources Manager'}","{'percentile_25': 45064.14404172095, 'percentile_50': 53571.75304779651, 'percentile_75': 63685.503977554195}"
26,winnipeg,"{'id': 'IT-MANAGER', 'title': 'IT Manager'}","{'percentile_25': 56582.93468019102, 'percentile_50': 67360.26059214133, 'percentile_75': 80190.33888374259}"
27,winnipeg,"{'id': 'INDUSTRIAL-DESIGNER', 'title': 'Industrial Designer'}","{'percentile_25': 28812.966569109092, 'percentile_50': 35161.153046647334, 'percentile_75': 42907.99701601098}"
28,winnipeg,"{'id': 'INTERIOR-DESIGNER', 'title': 'Interior Designer'}","{'percentile_25': 25272.878428406322, 'percentile_50': 30095.64325130855, 'percentile_75': 35838.72510904763}"
29,winnipeg,"{'id': 'LECTURER', 'title': 'Lecturer'}","{'percentile_25': 30108.76719814011, 'percentile_50': 41445.03719631973, 'percentile_75': 57049.53301144898}"
30,winnipeg,"{'id': 'MARKETING-MANAGER', 'title': 'Marketing Manager'}","{'percentile_25': 35347.58980176965, 'percentile_50': 42749.945575817364, 'percentile_75': 51702.474114482655}"
31,winnipeg,"{'id': 'MECHANICAL-ENGINEER', 'title': 'Mechanical Engineer'}","{'percentile_25': 43284.824019400316, 'percentile_50': 51337.13462576304, 'percentile_75': 60887.42304698949}"
32,winnipeg,"{'id': 'MOBILE-DEVELOPER', 'title': 'Mobile Developer'}","{'percentile_25': 49803.400806511985, 'percentile_50': 60044.38772709702, 'percentile_75': 72391.21102449992}"
33,winnipeg,"{'id': 'NURSE', 'title': 'Nurse'}","{'percentile_25': 48802.261033749404, 'percentile_50': 55463.498548577176, 'percentile_75': 63033.95797831301}"
34,winnipeg,"{'id': 'OFFICE-MANAGER', 'title': 'Office Manager'}","{'percentile_25': 23029.17462962386, 'percentile_50': 27410.308638574486, 'percentile_75': 32624.92172409145}"
35,winnipeg,"{'id': 'OPERATIONS-MANAGER', 'title': 'Operations Manager'}","{'percentile_25': 46901.43735053607, 'percentile_50': 59547.147704475814, 'percentile_75': 75602.43352964387}"
36,winnipeg,"{'id': 'PHARMACIST', 'title': 'Pharmacist'}","{'percentile_25': 60296.15895132841, 'percentile_50': 75057.73617576386, 'percentile_75': 93433.2112992158}"
37,winnipeg,"{'id': 'PHYSICIAN', 'title': 'Physician'}","{'percentile_25': 84400.43377016878, 'percentile_50': 114716.96598391909, 'percentile_75': 155923.1593571149}"
38,winnipeg,"{'id': 'POSTDOCTORAL-RESEARCHER', 'title': 'Postdoctoral Researcher'}","{'percentile_25': 29674.718390602553, 'percentile_50': 33685.85277054129, 'percentile_75': 38239.17254891069}"
39,winnipeg,"{'id': 'PRODUCT-MANAGER', 'title': 'Product Manager'}","{'percentile_25': 39744.92506005915, 'percentile_50': 46893.213701524845, 'percentile_75': 55327.1515277479}"
40,winnipeg,"{'id': 'PROJECT-MANAGER', 'title': 'Project Manager'}","{'percentile_25': 42122.6850762003, 'percentile_50': 51655.32221753146, 'percentile_75': 63345.25704071503}"
41,winnipeg,"{'id': 'QA-ENGINEER', 'title': 'QA Engineer'}","{'percentile_25': 32046.637810022683, 'percentile_50': 38958.73396792541, 'percentile_75': 47361.690838871524}"
42,winnipeg,"{'id': 'RECEPTIONIST', 'title': 'Receptionist'}","{'percentile_25': 19960.6877972055, 'percentile_50': 22741.051635828902, 'percentile_75': 25908.69787442085}"
43,winnipeg,"{'id': 'RESEARCH-SCIENTIST', 'title': 'Research Scientist'}","{'percentile_25': 42291.9575405744, 'percentile_50': 51015.60640472876, 'percentile_75': 61538.700220847095}"
44,winnipeg,"{'id': 'SALES-MANAGER', 'title': 'Sales Manager'}","{'percentile_25': 34806.555919607636, 'percentile_50': 43510.61736237311, 'percentile_75': 54391.29995014414}"
45,winnipeg,"{'id': 'SOFTWARE-ENGINEER', 'title': 'Software Engineer'}","{'percentile_25': 39719.84551479898, 'percentile_50': 46581.739362750945, 'percentile_75': 54629.075565029736}"
46,winnipeg,"{'id': 'SYSTEMS-ADMINISTRATOR', 'title': 'Systems Administrator'}","{'percentile_25': 32158.90508408322, 'percentile_50': 38061.38252445595, 'percentile_75': 45047.20654777414}"
47,winnipeg,"{'id': 'TEACHER', 'title': 'Teacher'}","{'percentile_25': 41249.90848003921, 'percentile_50': 53919.11828115293, 'percentile_75': 70479.46100592648}"
48,winnipeg,"{'id': 'UX-DESIGNER', 'title': 'UX Designer'}","{'percentile_25': 36054.45041967417, 'percentile_50': 43185.27522055281, 'percentile_75': 51726.42972411578}"
49,winnipeg,"{'id': 'WAITER', 'title': 'Waiter'}","{'percentile_25': 14412.606051190709, 'percentile_50': 19611.71781003501, 'percentile_75': 26686.32404815289}"
50,winnipeg,"{'id': 'WEB-DESIGNER', 'title': 'Web Designer'}","{'percentile_25': 31422.884928567208, 'percentile_50': 37295.34006834503, 'percentile_75': 44265.26698536732}"
51,winnipeg,"{'id': 'WEB-DEVELOPER', 'title': 'Web Developer'}","{'percentile_25': 27300.276407735248, 'percentile_50': 32953.30992161534, 'percentile_75': 39776.90989540121}"
0,edmonton,"{'id': 'ACCOUNT-MANAGER', 'title': 'Account Manager'}","{'percentile_25': 35491.422679133015, 'percentile_50': 43261.35483092096, 'percentile_75': 52732.313345872506}"
1,edmonton,"{'id': 'ACCOUNTANT', 'title': 'Accountant'}","{'percentile_25': 39679.83507097584, 'percentile_50': 47152.358438258765, 'percentile_75': 56032.11057488285}"
2,edmonton,"{'id': 'ADMINISTRATIVE-ASSISTANT', 'title': 'Administrative Assistant'}","{'percentile_25': 27165.16931883041, 'percentile_50': 31835.7906057627, 'percentile_75': 37309.45136393523}"
3,edmonton,"{'id': 'ARCHITECT', 'title': 'Architect'}","{'percentile_25': 43801.92118800002, 'percentile_50': 53693.16819320442, 'percentile_75': 65818.0333746081}"
4,edmonton,"{'id': 'ATTORNEY', 'title': 'Attorney'}","{'percentile_25': 53419.39210456458, 'percentile_50': 69730.69363469005, 'percentile_75': 91022.55647644338}"
5,edmonton,"{'id': 'BUSINESS-ANALYST', 'title': 'Business Analyst'}","{'percentile_25': 50264.95116324583, 'percentile_50': 59361.467147495096, 'percentile_75': 70104.191894247}"
6,edmonton,"{'id': 'BUSINESS-DEVELOPMENT', 'title': 'Business Development'}","{'percentile_25': 49549.246832584446, 'percentile_50': 60794.43656676401, 'percentile_75': 74591.71942528423}"
7,edmonton,"{'id': 'C-LEVEL-EXECUTIVE', 'title': 'C Level Executive'}","{'percentile_25': 61071.3929937584, 'percentile_50': 84676.51774260092, 'percentile_75': 117405.42184367409}"
8,edmonton,"{'id': 'CASHIER', 'title': 'Cashier'}","{'percentile_25': 12930.062542352314, 'percentile_50': 18418.70687169492, 'percentile_75': 26237.209736164474}"
9,edmonton,"{'id': 'CHEF', 'title': 'Chef'}","{'percentile_25': 34622.90209093823, 'percentile_50': 40493.925721179156, 'percentile_75': 47360.50190147246}"
10,edmonton,"{'id': 'CHEMICAL-ENGINEER', 'title': 'Chemical Engineer'}","{'percentile_25': 52324.401088364924, 'percentile_50': 62473.08446741128, 'percentile_75': 74590.17593495526}"
11,edmonton,"{'id': 'CIVIL-ENGINEER', 'title': 'Civil Engineer'}","{'percentile_25': 43421.242326390886, 'percentile_50': 53216.351762016275, 'percentile_75': 65221.07482717995}"
12,edmonton,"{'id': 'CONTENT-MARKETING', 'title': 'Content Marketing'}","{'percentile_25': 40882.13320091739, 'percentile_50': 50765.35276779434, 'percentile_75': 63037.831929493695}"
13,edmonton,"{'id': 'COPYWRITER', 'title': 'Copywriter'}","{'percentile_25': 23483.08713873368, 'percentile_50': 28104.39719091985, 'percentile_75': 33635.149279933066}"
14,edmonton,"{'id': 'CUSTOMER-SUPPORT', 'title': 'Customer Support'}","{'percentile_25': 28850.41222464161, 'percentile_50': 32627.48646095351, 'percentile_75': 36899.05241112821}"
15,edmonton,"{'id': 'DATA-ANALYST', 'title': 'Data Analyst'}","{'percentile_25': 36642.64768378738, 'percentile_50': 43310.72875210541, 'percentile_75': 51192.24028858621}"
16,edmonton,"{'id': 'DATA-SCIENTIST', 'title': 'Data Scientist'}","{'percentile_25': 41162.596437189786, 'percentile_50': 51059.37173265281, 'percentile_75': 63335.64127110763}"
17,edmonton,"{'id': 'DENTIST', 'title': 'Dentist'}","{'percentile_25': 80474.4410143066, 'percentile_50': 112194.48732760611, 'percentile_75': 156417.4019483598}"
18,edmonton,"{'id': 'ELECTRICAL-ENGINEER', 'title': 'Electrical Engineer'}","{'percentile_25': 46731.38726970255, 'percentile_50': 56136.89007937092, 'percentile_75': 67435.41358179397}"
19,edmonton,"{'id': 'EXECUTIVE-ASSISTANT', 'title': 'Executive Assistant'}","{'percentile_25': 30654.3517727072, 'percentile_50': 35546.98978305517, 'percentile_75': 41220.52529460604}"
20,edmonton,"{'id': 'FASHION-DESIGNER', 'title': 'Fashion Designer'}","{'percentile_25': 20823.377499071936, 'percentile_50': 26821.650614481874, 'percentile_75': 34547.75488353887}"
21,edmonton,"{'id': 'FINANCE-MANAGER', 'title': 'Finance Manager'}","{'percentile_25': 50455.46420354315, 'percentile_50': 60803.02624278276, 'percentile_75': 73272.698183221}"
22,edmonton,"{'id': 'FINANCIAL-ANALYST', 'title': 'Financial Analyst'}","{'percentile_25': 33584.792264665695, 'percentile_50': 38716.67617961922, 'percentile_75': 44632.73146323912}"
23,edmonton,"{'id': 'GRAPHIC-DESIGNER', 'title': 'Graphic Designer'}","{'percentile_25': 30062.970820682134, 'percentile_50': 34958.490749789074, 'percentile_75': 40651.20785276266}"
24,edmonton,"{'id': 'HARDWARE-ENGINEER', 'title': 'Hardware Engineer'}","{'percentile_25': 50708.93438301649, 'percentile_50': 58740.427558567724, 'percentile_75': 68043.98222414566}"
25,edmonton,"{'id': 'HUMAN-RESOURCES-MANAGER', 'title': 'Human Resources Manager'}","{'percentile_25': 48019.1698870109, 'percentile_50': 57084.65489166927, 'percentile_75': 67861.60260097377}"
26,edmonton,"{'id': 'IT-MANAGER', 'title': 'IT Manager'}","{'percentile_25': 51828.06622329416, 'percentile_50': 61699.73449318689, 'percentile_75': 73451.65494171497}"
27,edmonton,"{'id': 'INDUSTRIAL-DESIGNER', 'title': 'Industrial Designer'}","{'percentile_25': 34575.55989029139, 'percentile_50': 42193.383657304796, 'percentile_75': 51489.596411493185}"
28,edmonton,"{'id': 'INTERIOR-DESIGNER', 'title': 'Interior Designer'}","{'percentile_25': 28958.506525013356, 'percentile_50': 34484.59122636747, 'percentile_75': 41065.20586696975}"
29,edmonton,"{'id': 'LECTURER', 'title': 'Lecturer'}","{'percentile_25': 45001.27568079021, 'percentile_50': 61944.73298297322, 'percentile_75': 85267.58155813396}"
30,edmonton,"{'id': 'MARKETING-MANAGER', 'title': 'Marketing Manager'}","{'percentile_25': 39675.866101167114, 'percentile_50': 47984.63278789806, 'percentile_75': 58033.38931325031}"
31,edmonton,"{'id': 'MECHANICAL-ENGINEER', 'title': 'Mechanical Engineer'}","{'percentile_25': 48911.851134963676, 'percentile_50': 58010.962127948944, 'percentile_75': 68802.78805487139}"
32,edmonton,"{'id': 'MOBILE-DEVELOPER', 'title': 'Mobile Developer'}","{'percentile_25': 46771.88946279792, 'percentile_50': 56389.511956568254, 'percentile_75': 67984.78947978208}"
33,edmonton,"{'id': 'NURSE', 'title': 'Nurse'}","{'percentile_25': 44866.5948091519, 'percentile_50': 50990.63575083515, 'percentile_75': 57950.574259849775}"
34,edmonton,"{'id': 'OFFICE-MANAGER', 'title': 'Office Manager'}","{'percentile_25': 36539.623746758785, 'percentile_50': 43491.02304047718, 'percentile_75': 51764.87580212421}"
35,edmonton,"{'id': 'OPERATIONS-MANAGER', 'title': 'Operations Manager'}","{'percentile_25': 58413.60834128877, 'percentile_50': 74163.2657781017, 'percentile_75': 94159.39448112516}"
36,edmonton,"{'id': 'PHARMACIST', 'title': 'Pharmacist'}","{'percentile_25': 57555.4244518253, 'percentile_50': 71646.02089655078, 'percentile_75': 89186.24715565275}"
37,edmonton,"{'id': 'PHYSICIAN', 'title': 'Physician'}","{'percentile_25': 88663.08196896994, 'percentile_50': 120510.7521619038, 'percentile_75': 163798.06638923814}"
38,edmonton,"{'id': 'POSTDOCTORAL-RESEARCHER', 'title': 'Postdoctoral Researcher'}","{'percentile_25': 39236.57209311155, 'percentile_50': 44540.18310937488, 'percentile_75': 50560.68370878219}"
39,edmonton,"{'id': 'PRODUCT-MANAGER', 'title': 'Product Manager'}","{'percentile_25': 67831.33878002207, 'percentile_50': 80031.08471324915, 'percentile_75': 94425.00524942724}"
40,edmonton,"{'id': 'PROJECT-MANAGER', 'title': 'Project Manager'}","{'percentile_25': 54887.135093331664, 'percentile_50': 67308.45016193605, 'percentile_75': 82540.78948551713}"
41,edmonton,"{'id': 'QA-ENGINEER', 'title': 'QA Engineer'}","{'percentile_25': 38455.96536853805, 'percentile_50': 46750.48076130933, 'percentile_75': 56834.02901131337}"
42,edmonton,"{'id': 'RECEPTIONIST', 'title': 'Receptionist'}","{'percentile_25': 23773.40344651281, 'percentile_50': 27084.84801572354, 'percentile_75': 30857.55027399956}"
43,edmonton,"{'id': 'RESEARCH-SCIENTIST', 'title': 'Research Scientist'}","{'percentile_25': 44685.84192941742, 'percentile_50': 53903.28224107045, 'percentile_75': 65022.02288031012}"
44,edmonton,"{'id': 'SALES-MANAGER', 'title': 'Sales Manager'}","{'percentile_25': 41373.83061905741, 'percentile_50': 51720.16781162387, 'percentile_75': 64653.809387192676}"
45,edmonton,"{'id': 'SOFTWARE-ENGINEER', 'title': 'Software Engineer'}","{'percentile_25': 41611.26672724824, 'percentile_50': 48799.91742682454, 'percentile_75': 57230.46011731876}"
46,edmonton,"{'id': 'SYSTEMS-ADMINISTRATOR', 'title': 'Systems Administrator'}","{'percentile_25': 36446.75909707891, 'percentile_50': 43136.23352660687, 'percentile_75': 51053.50074901706}"
47,edmonton,"{'id': 'TEACHER', 'title': 'Teacher'}","{'percentile_25': 35118.165320290114, 'percentile_50': 45904.11420860729, 'percentile_75': 60002.78437266191}"
48,edmonton,"{'id': 'UX-DESIGNER', 'title': 'UX Designer'}","{'percentile_25': 47486.349319564215, 'percentile_50': 56878.167364859335, 'percentile_75': 68127.49282986234}"
49,edmonton,"{'id': 'WAITER', 'title': 'Waiter'}","{'percentile_25': 15373.446450805774, 'percentile_50': 20919.165658698428, 'percentile_75': 28465.412310531774}"
50,edmonton,"{'id': 'WEB-DESIGNER', 'title': 'Web Designer'}","{'percentile_25': 27822.346025584142, 'percentile_50': 33021.91568953432, 'percentile_75': 39193.205159765756}"
51,edmonton,"{'id': 'WEB-DEVELOPER', 'title': 'Web Developer'}","{'percentile_25': 31054.06441464697, 'percentile_50': 37484.39003703685, 'percentile_75': 45246.23500767864}"
0,victoria,"{'id': 'ACCOUNT-MANAGER', 'title': 'Account Manager'}","{'percentile_25': 34675.527900611494, 'percentile_50': 42266.84093189033, 'percentile_75': 51520.07627633596}"
1,victoria,"{'id': 'ACCOUNTANT', 'title': 'Accountant'}","{'percentile_25': 31999.86699535811, 'percentile_50': 38026.09551447925, 'percentile_75': 45187.18594318074}"
2,victoria,"{'id': 'ADMINISTRATIVE-ASSISTANT', 'title': 'Administrative Assistant'}","{'percentile_25': 21473.419557456305, 'percentile_50': 25165.43448023914, 'percentile_75': 29492.232985281837}"
3,victoria,"{'id': 'ARCHITECT', 'title': 'Architect'}","{'percentile_25': 36722.82281494822, 'percentile_50': 45015.48444533267, 'percentile_75': 55180.77545561486}"
4,victoria,"{'id': 'ATTORNEY', 'title': 'Attorney'}","{'percentile_25': 44589.74052028926, 'percentile_50': 58204.959146631074, 'percentile_75': 75977.50580583587}"
5,victoria,"{'id': 'BUSINESS-ANALYST', 'title': 'Business Analyst'}","{'percentile_25': 54268.354347212284, 'percentile_50': 64089.371610235685, 'percentile_75': 75687.71161025412}"
6,victoria,"{'id': 'BUSINESS-DEVELOPMENT', 'title': 'Business Development'}","{'percentile_25': 55458.790023536276, 'percentile_50': 68045.1491864336, 'percentile_75': 83487.97955813694}"
7,victoria,"{'id': 'C-LEVEL-EXECUTIVE', 'title': 'C Level Executive'}","{'percentile_25': 77611.56192726827, 'percentile_50': 107609.74129919175, 'percentile_75': 149202.72360103703}"
8,victoria,"{'id': 'CASHIER', 'title': 'Cashier'}","{'percentile_25': 10419.370786965384, 'percentile_50': 14842.25893397515, 'percentile_75': 21142.605898885075}"
9,victoria,"{'id': 'CHEF', 'title': 'Chef'}","{'percentile_25': 34102.256944137116, 'percentile_50': 39884.99450947062, 'percentile_75': 46648.313911493045}"
10,victoria,"{'id': 'CHEMICAL-ENGINEER', 'title': 'Chemical Engineer'}","{'percentile_25': 60222.42389159914, 'percentile_50': 71902.9840112789, 'percentile_75': 85849.07042320883}"
11,victoria,"{'id': 'CIVIL-ENGINEER', 'title': 'Civil Engineer'}","{'percentile_25': 46468.347054981605, 'percentile_50': 56950.83258483456, 'percentile_75': 69797.99234666661}"
12,victoria,"{'id': 'CONTENT-MARKETING', 'title': 'Content Marketing'}","{'percentile_25': 38965.78322187207, 'percentile_50': 48385.72685124712, 'percentile_75': 60082.93352125817}"
13,victoria,"{'id': 'COPYWRITER', 'title': 'Copywriter'}","{'percentile_25': 29620.712184178028, 'percentile_50': 35449.864637604136, 'percentile_75': 42426.154206235515}"
14,victoria,"{'id': 'CUSTOMER-SUPPORT', 'title': 'Customer Support'}","{'percentile_25': 23808.592612595694, 'percentile_50': 26925.595622802433, 'percentile_75': 30450.674319116624}"
15,victoria,"{'id': 'DATA-ANALYST', 'title': 'Data Analyst'}","{'percentile_25': 33531.47948133369, 'percentile_50': 39633.40272578691, 'percentile_75': 46845.729324256325}"
16,victoria,"{'id': 'DATA-SCIENTIST', 'title': 'Data Scientist'}","{'percentile_25': 48686.94199940501, 'percentile_50': 60392.80524545471, 'percentile_75': 74913.12404586827}"
17,victoria,"{'id': 'DENTIST', 'title': 'Dentist'}","{'percentile_25': 85372.88520057418, 'percentile_50': 119023.71700981229, 'percentile_75': 165938.46134576463}"
18,victoria,"{'id': 'ELECTRICAL-ENGINEER', 'title': 'Electrical Engineer'}","{'percentile_25': 42483.07934123343, 'percentile_50': 51033.536439080955, 'percentile_75': 61304.921438479425}"
19,victoria,"{'id': 'EXECUTIVE-ASSISTANT', 'title': 'Executive Assistant'}","{'percentile_25': 31844.81203724713, 'percentile_50': 36927.45540445587, 'percentile_75': 42821.322388497865}"
20,victoria,"{'id': 'FASHION-DESIGNER', 'title': 'Fashion Designer'}","{'percentile_25': 27026.085703104254, 'percentile_50': 34811.078460672004, 'percentile_75': 44838.57547509634}"
21,victoria,"{'id': 'FINANCE-MANAGER', 'title': 'Finance Manager'}","{'percentile_25': 60946.204310587964, 'percentile_50': 73445.23963026145, 'percentile_75': 88507.61561552098}"
22,victoria,"{'id': 'FINANCIAL-ANALYST', 'title': 'Financial Analyst'}","{'percentile_25': 35900.98483299883, 'percentile_50': 41386.791777950944, 'percentile_75': 47710.85087607584}"
23,victoria,"{'id': 'GRAPHIC-DESIGNER', 'title': 'Graphic Designer'}","{'percentile_25': 25537.362313080608, 'percentile_50': 29695.92225122261, 'percentile_75': 34531.67118590642}"
24,victoria,"{'id': 'HARDWARE-ENGINEER', 'title': 'Hardware Engineer'}","{'percentile_25': 57282.31477600357, 'percentile_50': 66354.92742623415, 'percentile_75': 76864.49842256156}"
25,victoria,"{'id': 'HUMAN-RESOURCES-MANAGER', 'title': 'Human Resources Manager'}","{'percentile_25': 38415.335903948086, 'percentile_50': 45667.72391348058, 'percentile_75': 54289.28208912388}"
26,victoria,"{'id': 'IT-MANAGER', 'title': 'IT Manager'}","{'percentile_25': 46597.71090648486, 'percentile_50': 55473.1557832605, 'percentile_75': 66039.10262307829}"
27,victoria,"{'id': 'INDUSTRIAL-DESIGNER', 'title': 'Industrial Designer'}","{'percentile_25': 39057.57690311765, 'percentile_50': 47662.89635476161, 'percentile_75': 58164.1737417513}"
28,victoria,"{'id': 'INTERIOR-DESIGNER', 'title': 'Interior Designer'}","{'percentile_25': 32117.616330763634, 'percentile_50': 38246.54663240927, 'percentile_75': 45545.046501596255}"
29,victoria,"{'id': 'LECTURER', 'title': 'Lecturer'}","{'percentile_25': 28813.766436002432, 'percentile_50': 39662.45495113009, 'percentile_75': 54595.78969810911}"
30,victoria,"{'id': 'MARKETING-MANAGER', 'title': 'Marketing Manager'}","{'percentile_25': 44725.521782461445, 'percentile_50': 54091.76786804473, 'percentile_75': 65419.45704561459}"
31,victoria,"{'id': 'MECHANICAL-ENGINEER', 'title': 'Mechanical Engineer'}","{'percentile_25': 43284.824019400316, 'percentile_50': 51337.13462576304, 'percentile_75': 60887.42304698949}"
32,victoria,"{'id': 'MOBILE-DEVELOPER', 'title': 'Mobile Developer'}","{'percentile_25': 52834.912166592425, 'percentile_50': 63699.263498831744, 'percentile_75': 76797.6325483365}"
33,victoria,"{'id': 'NURSE', 'title': 'Nurse'}","{'percentile_25': 42505.19506585816, 'percentile_50': 48306.9180708717, 'percentile_75': 54900.54403679979}"
34,victoria,"{'id': 'OFFICE-MANAGER', 'title': 'Office Manager'}","{'percentile_25': 31012.621835159287, 'percentile_50': 36912.5489668063, 'percentile_75': 43934.894588052965}"
35,victoria,"{'id': 'OPERATIONS-MANAGER', 'title': 'Operations Manager'}","{'percentile_25': 31978.252748338156, 'percentile_50': 40600.32797957579, 'percentile_75': 51547.113753261205}"
36,victoria,"{'id': 'PHARMACIST', 'title': 'Pharmacist'}","{'percentile_25': 64681.33415300979, 'percentile_50': 80516.48062727961, 'percentile_75': 100228.35393696693}"
37,victoria,"{'id': 'PHYSICIAN', 'title': 'Physician'}","{'percentile_25': 87810.55228437488, 'percentile_50': 119351.99492494487, 'percentile_75': 162223.0850619399}"
38,victoria,"{'id': 'POSTDOCTORAL-RESEARCHER', 'title': 'Postdoctoral Researcher'}","{'percentile_25': 40225.729366983534, 'percentile_50': 45663.04487104805, 'percentile_75': 51835.3228072669}"
39,victoria,"{'id': 'PRODUCT-MANAGER', 'title': 'Product Manager'}","{'percentile_25': 64651.74477378333, 'percentile_50': 76279.62762368823, 'percentile_75': 89998.83314468584}"
40,victoria,"{'id': 'PROJECT-MANAGER', 'title': 'Project Manager'}","{'percentile_25': 47228.46508196554, 'percentile_50': 57916.57339333919, 'percentile_75': 71023.47001547833}"
41,victoria,"{'id': 'QA-ENGINEER', 'title': 'QA Engineer'}","{'percentile_25': 44153.14542288878, 'percentile_50': 53676.47791133572, 'percentile_75': 65253.885161996404}"
42,victoria,"{'id': 'RECEPTIONIST', 'title': 'Receptionist'}","{'percentile_25': 21754.906926854997, 'percentile_50': 24785.19110934815, 'percentile_75': 28237.56959256814}"
43,victoria,"{'id': 'RESEARCH-SCIENTIST', 'title': 'Research Scientist'}","{'percentile_25': 59448.128999675275, 'percentile_50': 71710.61655273846, 'percentile_75': 86502.51257532388}"
44,victoria,"{'id': 'SALES-MANAGER', 'title': 'Sales Manager'}","{'percentile_25': 40388.73941421211, 'percentile_50': 50488.735248534926, 'percentile_75': 63114.43298226989}"
45,victoria,"{'id': 'SOFTWARE-ENGINEER', 'title': 'Software Engineer'}","{'percentile_25': 47285.53036962334, 'percentile_50': 55454.4516201698, 'percentile_75': 65034.61376990893}"
46,victoria,"{'id': 'SYSTEMS-ADMINISTRATOR', 'title': 'Systems Administrator'}","{'percentile_25': 45880.03792160097, 'percentile_50': 54300.90573466119, 'percentile_75': 64267.34800531461}"
47,victoria,"{'id': 'TEACHER', 'title': 'Teacher'}","{'percentile_25': 27314.128589550193, 'percentile_50': 35703.19993215822, 'percentile_75': 46668.83225713973}"
48,victoria,"{'id': 'UX-DESIGNER', 'title': 'UX Designer'}","{'percentile_25': 65513.574537619235, 'percentile_50': 78470.80497412989, 'percentile_75': 93990.7076777206}"
49,victoria,"{'id': 'WAITER', 'title': 'Waiter'}","{'percentile_25': 18416.10773292064, 'percentile_50': 25059.417198534586, 'percentile_75': 34099.19182909882}"
50,victoria,"{'id': 'WEB-DESIGNER', 'title': 'Web Designer'}","{'percentile_25': 44843.07536411651, 'percentile_50': 53223.5582272269, 'percentile_75': 63170.22477530122}"
51,victoria,"{'id': 'WEB-DEVELOPER', 'title': 'Web Developer'}","{'percentile_25': 36172.86624239922, 'percentile_50': 43663.13564763791, 'percentile_75': 52704.40561188935}"
0,montreal,"{'id': 'ACCOUNT-MANAGER', 'title': 'Account Manager'}","{'percentile_25': 36307.31745696845, 'percentile_50': 44255.86873735522, 'percentile_75': 53944.550434477365}"
1,montreal,"{'id': 'ACCOUNTANT', 'title': 'Accountant'}","{'percentile_25': 33706.52656643539, 'percentile_50': 40054.15394124592, 'percentile_75': 47597.169194722264}"
2,montreal,"{'id': 'ADMINISTRATIVE-ASSISTANT', 'title': 'Administrative Assistant'}","{'percentile_25': 23543.146744645182, 'percentile_50': 27591.018525934567, 'percentile_75': 32334.85784866935}"
3,montreal,"{'id': 'ARCHITECT', 'title': 'Architect'}","{'percentile_25': 42474.59024811859, 'percentile_50': 52066.102488423676, 'percentile_75': 63823.54750214726}"
4,montreal,"{'id': 'ATTORNEY', 'title': 'Attorney'}","{'percentile_25': 44148.2579431947, 'percentile_50': 57628.67242019675, 'percentile_75': 75225.25326339125}"
5,montreal,"{'id': 'BUSINESS-ANALYST', 'title': 'Business Analyst'}","{'percentile_25': 41368.49962865025, 'percentile_50': 48855.012785012004, 'percentile_75': 57696.370321602655}"
6,montreal,"{'id': 'BUSINESS-DEVELOPMENT', 'title': 'Business Development'}","{'percentile_25': 51367.56780677806, 'percentile_50': 63025.42506255586, 'percentile_75': 77329.03024058895}"
7,montreal,"{'id': 'C-LEVEL-EXECUTIVE', 'title': 'C Level Executive'}","{'percentile_25': 63616.034362998485, 'percentile_50': 88204.70597404081, 'percentile_75': 122297.31440933982}"
8,montreal,"{'id': 'CASHIER', 'title': 'Cashier'}","{'percentile_25': 11423.647481840451, 'percentile_50': 16272.83810822273, 'percentile_75': 23180.44744617447}"
9,montreal,"{'id': 'CHEF', 'title': 'Chef'}","{'percentile_25': 24470.321777536945, 'percentile_50': 28619.767051053626, 'percentile_75': 33472.83593174802}"
10,montreal,"{'id': 'CHEMICAL-ENGINEER', 'title': 'Chemical Engineer'}","{'percentile_25': 51830.77465919847, 'percentile_50': 61883.71575461978, 'percentile_75': 73886.49505586606}"
11,montreal,"{'id': 'CIVIL-ENGINEER', 'title': 'Civil Engineer'}","{'percentile_25': 35041.70432657849, 'percentile_50': 42946.52949074695, 'percentile_75': 52634.55162198406}"
12,montreal,"{'id': 'CONTENT-MARKETING', 'title': 'Content Marketing'}","{'percentile_25': 24593.15825965122, 'percentile_50': 30538.532522062345, 'percentile_75': 37921.19575512729}"
13,montreal,"{'id': 'COPYWRITER', 'title': 'Copywriter'}","{'percentile_25': 28019.59260878304, 'percentile_50': 33533.65574004473, 'percentile_75': 40132.8485746558}"
14,montreal,"{'id': 'CUSTOMER-SUPPORT', 'title': 'Customer Support'}","{'percentile_25': 24368.79479109444, 'percentile_50': 27559.139047930803, 'percentile_75': 31167.16077155959}"
15,montreal,"{'id': 'DATA-ANALYST', 'title': 'Data Analyst'}","{'percentile_25': 32148.738067037564, 'percentile_50': 37999.03560300833, 'percentile_75': 44913.94666091629}"
16,montreal,"{'id': 'DATA-SCIENTIST', 'title': 'Data Scientist'}","{'percentile_25': 41162.596437189786, 'percentile_50': 51059.37173265281, 'percentile_75': 63335.64127110763}"
17,montreal,"{'id': 'DENTIST', 'title': 'Dentist'}","{'percentile_25': 69277.99699439314, 'percentile_50': 96584.8196088132, 'percentile_75': 134654.9811424539}"
18,montreal,"{'id': 'ELECTRICAL-ENGINEER', 'title': 'Electrical Engineer'}","{'percentile_25': 39934.094579730976, 'percentile_50': 47971.52425083731, 'percentile_75': 57626.62614909285}"
19,montreal,"{'id': 'EXECUTIVE-ASSISTANT', 'title': 'Executive Assistant'}","{'percentile_25': 31844.81203724713, 'percentile_50': 36927.45540445587, 'percentile_75': 42821.322388497865}"
20,montreal,"{'id': 'FASHION-DESIGNER', 'title': 'Fashion Designer'}","{'percentile_25': 25253.88336801572, 'percentile_50': 32528.384784447608, 'percentile_75': 41898.340990406694}"
21,montreal,"{'id': 'FINANCE-MANAGER', 'title': 'Finance Manager'}","{'percentile_25': 48457.228008933045, 'percentile_50': 58394.985603751265, 'percentile_75': 70370.8091398396}"
22,montreal,"{'id': 'FINANCIAL-ANALYST', 'title': 'Financial Analyst'}","{'percentile_25': 37059.08111563987, 'percentile_50': 42721.84957739148, 'percentile_75': 49249.91058515485}"
23,montreal,"{'id': 'GRAPHIC-DESIGNER', 'title': 'Graphic Designer'}","{'percentile_25': 29093.197573639776, 'percentile_50': 33830.797501658766, 'percentile_75': 39339.878564439714}"
24,montreal,"{'id': 'HARDWARE-ENGINEER', 'title': 'Hardware Engineer'}","{'percentile_25': 53526.0974013408, 'percentile_50': 62003.784645753636, 'percentile_75': 71824.20346417208}"
25,montreal,"{'id': 'HUMAN-RESOURCES-MANAGER', 'title': 'Human Resources Manager'}","{'percentile_25': 34721.553606141446, 'percentile_50': 41276.59661410415, 'percentile_75': 49069.158810397195}"
26,montreal,"{'id': 'IT-MANAGER', 'title': 'IT Manager'}","{'percentile_25': 48975.145139672575, 'percentile_50': 58303.41883226014, 'percentile_75': 69408.44458623839}"
27,montreal,"{'id': 'INDUSTRIAL-DESIGNER', 'title': 'Industrial Designer'}","{'percentile_25': 32014.407296531135, 'percentile_50': 39067.94782979788, 'percentile_75': 47675.55224416692}"
28,montreal,"{'id': 'INTERIOR-DESIGNER', 'title': 'Interior Designer'}","{'percentile_25': 25009.619275794037, 'percentile_50': 29782.14696761589, 'percentile_75': 35465.40505953029}"
29,montreal,"{'id': 'LECTURER', 'title': 'Lecturer'}","{'percentile_25': 24281.263877848334, 'percentile_50': 33423.4170859287, 'percentile_75': 46007.687874892596}"
30,montreal,"{'id': 'MARKETING-MANAGER', 'title': 'Marketing Manager'}","{'percentile_25': 40036.55579108055, 'percentile_50': 48420.856721748125, 'percentile_75': 58560.96558112004}"
31,montreal,"{'id': 'MECHANICAL-ENGINEER', 'title': 'Mechanical Engineer'}","{'percentile_25': 42419.12753263709, 'percentile_50': 50310.39193232534, 'percentile_75': 59669.67459282944}"
32,montreal,"{'id': 'MOBILE-DEVELOPER', 'title': 'Mobile Developer'}","{'percentile_25': 48071.10860218638, 'percentile_50': 57955.88728465872, 'percentile_75': 69873.25586244742}"
33,montreal,"{'id': 'NURSE', 'title': 'Nurse'}","{'percentile_25': 30304.629855171577, 'percentile_50': 34441.04345716326, 'percentile_75': 39142.05453381513}"
34,montreal,"{'id': 'OFFICE-MANAGER', 'title': 'Office Manager'}","{'percentile_25': 31626.73315839353, 'percentile_50': 37643.49053097422, 'percentile_75': 44804.89250213547}"
35,montreal,"{'id': 'OPERATIONS-MANAGER', 'title': 'Operations Manager'}","{'percentile_25': 41358.54021585021, 'percentile_50': 52509.757520474006, 'percentile_75': 66667.60046338096}"
36,montreal,"{'id': 'PHARMACIST', 'title': 'Pharmacist'}","{'percentile_25': 55362.83685992349, 'percentile_50': 68916.64867375932, 'percentile_75': 85788.67583031107}"
37,montreal,"{'id': 'PHYSICIAN', 'title': 'Physician'}","{'percentile_25': 68202.37071407463, 'percentile_50': 92700.57855621155, 'percentile_75': 125998.51258371239}"
38,montreal,"{'id': 'POSTDOCTORAL-RESEARCHER', 'title': 'Postdoctoral Researcher'}","{'percentile_25': 33631.34751021442, 'percentile_50': 38177.29980912462, 'percentile_75': 43337.728893352156}"
39,montreal,"{'id': 'PRODUCT-MANAGER', 'title': 'Product Manager'}","{'percentile_25': 50343.57175085979, 'percentile_50': 59398.07068463384, 'percentile_75': 70081.05858115846}"
40,montreal,"{'id': 'PROJECT-MANAGER', 'title': 'Project Manager'}","{'percentile_25': 41697.20340374342, 'percentile_50': 51133.55128578988, 'percentile_75': 62705.405966429185}"
41,montreal,"{'id': 'QA-ENGINEER', 'title': 'QA Engineer'}","{'percentile_25': 27061.605262586123, 'percentile_50': 32898.48646277304, 'percentile_75': 39994.316709570936}"
42,montreal,"{'id': 'RECEPTIONIST', 'title': 'Receptionist'}","{'percentile_25': 19736.410408236054, 'percentile_50': 22485.534201842733, 'percentile_75': 25617.588907213416}"
43,montreal,"{'id': 'RESEARCH-SCIENTIST', 'title': 'Research Scientist'}","{'percentile_25': 33913.3621802313, 'percentile_50': 40908.7409838894, 'percentile_75': 49347.07092717807}"
44,montreal,"{'id': 'SALES-MANAGER', 'title': 'Sales Manager'}","{'percentile_25': 43344.01302119144, 'percentile_50': 54183.03294791275, 'percentile_75': 67732.56223412558}"
45,montreal,"{'id': 'SOFTWARE-ENGINEER', 'title': 'Software Engineer'}","{'percentile_25': 44448.398553602456, 'percentile_50': 52127.184523624215, 'percentile_75': 61132.5369368058}"
46,montreal,"{'id': 'SYSTEMS-ADMINISTRATOR', 'title': 'Systems Administrator'}","{'percentile_25': 34731.617492560676, 'percentile_50': 41106.29312660922, 'percentile_75': 48650.983069609436}"
47,montreal,"{'id': 'TEACHER', 'title': 'Teacher'}","{'percentile_25': 28986.42218258517, 'percentile_50': 37889.110142797654, 'percentile_75': 49526.10771934249}"
48,montreal,"{'id': 'UX-DESIGNER', 'title': 'UX Designer'}","{'percentile_25': 33856.00830962488, 'percentile_50': 40552.026735261934, 'percentile_75': 48572.37915640207}"
49,montreal,"{'id': 'WAITER', 'title': 'Waiter'}","{'percentile_25': 21138.488869862766, 'percentile_50': 28763.85278092368, 'percentile_75': 39139.941927552856}"
50,montreal,"{'id': 'WEB-DESIGNER', 'title': 'Web Designer'}","{'percentile_25': 28476.989466993065, 'percentile_50': 33798.90193936864, 'percentile_75': 40115.39821058485}"
51,montreal,"{'id': 'WEB-DEVELOPER', 'title': 'Web Developer'}","{'percentile_25': 34807.852420384406, 'percentile_50': 42015.47015015707, 'percentile_75': 50715.56011611141}"
0,vancouver,"{'id': 'ACCOUNT-MANAGER', 'title': 'Account Manager'}","{'percentile_25': 42834.47566018187, 'percentile_50': 52211.979971764085, 'percentile_75': 63642.44713064195}"
1,vancouver,"{'id': 'ACCOUNTANT', 'title': 'Accountant'}","{'percentile_25': 36266.51592806289, 'percentile_50': 43096.24158310135, 'percentile_75': 51212.144069010865}"
2,vancouver,"{'id': 'ADMINISTRATIVE-ASSISTANT', 'title': 'Administrative Assistant'}","{'percentile_25': 24319.294436546905, 'percentile_50': 28500.61254401456, 'percentile_75': 33400.84217917699}"
3,vancouver,"{'id': 'ARCHITECT', 'title': 'Architect'}","{'percentile_25': 41589.702950448016, 'percentile_50': 50981.392018835286, 'percentile_75': 62493.89026112686}"
4,vancouver,"{'id': 'ATTORNEY', 'title': 'Attorney'}","{'percentile_25': 41940.84504615213, 'percentile_50': 54747.23879808014, 'percentile_75': 71463.99059713261}"
5,vancouver,"{'id': 'BUSINESS-ANALYST', 'title': 'Business Analyst'}","{'percentile_25': 42258.14477850121, 'percentile_50': 49905.65822124833, 'percentile_75': 58937.152483871665}"
6,vancouver,"{'id': 'BUSINESS-DEVELOPMENT', 'title': 'Business Development'}","{'percentile_25': 54549.629534791835, 'percentile_50': 66929.6549369145, 'percentile_75': 82119.32414898185}"
7,vancouver,"{'id': 'C-LEVEL-EXECUTIVE', 'title': 'C Level Executive'}","{'percentile_25': 63616.034362998485, 'percentile_50': 88204.70597404081, 'percentile_75': 122297.31440933982}"
8,vancouver,"{'id': 'CASHIER', 'title': 'Cashier'}","{'percentile_25': 12302.389603052028, 'percentile_50': 17524.594887470805, 'percentile_75': 24963.558778351355}"
9,vancouver,"{'id': 'CHEF', 'title': 'Chef'}","{'percentile_25': 36705.482662143986, 'percentile_50': 42929.65057972062, 'percentile_75': 50209.253910659754}"
10,vancouver,"{'id': 'CHEMICAL-ENGINEER', 'title': 'Chemical Engineer'}","{'percentile_25': 52324.401088364924, 'percentile_50': 62473.08446741128, 'percentile_75': 74590.17593495526}"
11,vancouver,"{'id': 'CIVIL-ENGINEER', 'title': 'Civil Engineer'}","{'percentile_25': 38088.80906246031, 'percentile_50': 46681.010315592655, 'percentile_75': 57211.46913548864}"
12,vancouver,"{'id': 'CONTENT-MARKETING', 'title': 'Content Marketing'}","{'percentile_25': 26509.508252333013, 'percentile_50': 32918.15843548889, 'percentile_75': 40876.09413458599}"
13,vancouver,"{'id': 'COPYWRITER', 'title': 'Copywriter'}","{'percentile_25': 30688.125233131064, 'percentile_50': 36727.33723929015, 'percentile_75': 43955.024637095536}"
14,vancouver,"{'id': 'CUSTOMER-SUPPORT', 'title': 'Customer Support'}","{'percentile_25': 23808.592612595694, 'percentile_50': 26925.595622802433, 'percentile_75': 30450.674319116624}"
15,vancouver,"{'id': 'DATA-ANALYST', 'title': 'Data Analyst'}","{'percentile_25': 33185.79412659333, 'percentile_50': 39224.81094544657, 'percentile_75': 46362.78366088831}"
16,vancouver,"{'id': 'DATA-SCIENTIST', 'title': 'Data Scientist'}","{'percentile_25': 46916.50768312615, 'percentile_50': 58196.70323152486, 'percentile_75': 72189.01052680617}"
17,vancouver,"{'id': 'DENTIST', 'title': 'Dentist'}","{'percentile_25': 52483.33108526291, 'percentile_50': 73170.31783064295, 'percentile_75': 102011.34914130205}"
18,vancouver,"{'id': 'ELECTRICAL-ENGINEER', 'title': 'Electrical Engineer'}","{'percentile_25': 47581.04884746294, 'percentile_50': 57157.560811350304, 'percentile_75': 68661.51203132645}"
19,vancouver,"{'id': 'EXECUTIVE-ASSISTANT', 'title': 'Executive Assistant'}","{'percentile_25': 32737.65723922254, 'percentile_50': 37962.8046228585, 'percentile_75': 44021.92020957063}"
20,vancouver,"{'id': 'FASHION-DESIGNER', 'title': 'Fashion Designer'}","{'percentile_25': 23481.68100954764, 'percentile_50': 30245.691120031213, 'percentile_75': 38958.106574924386}"
21,vancouver,"{'id': 'FINANCE-MANAGER', 'title': 'Finance Manager'}","{'percentile_25': 48457.228008933045, 'percentile_50': 58394.985603751265, 'percentile_75': 70370.8091398396}"
22,vancouver,"{'id': 'FINANCIAL-ANALYST', 'title': 'Financial Analyst'}","{'percentile_25': 40147.337876646336, 'percentile_50': 46282.003709865814, 'percentile_75': 53354.06980112736}"
23,vancouver,"{'id': 'GRAPHIC-DESIGNER', 'title': 'Graphic Designer'}","{'percentile_25': 30062.970820682134, 'percentile_50': 34958.490749789074, 'percentile_75': 40651.20785276266}"
24,vancouver,"{'id': 'HARDWARE-ENGINEER', 'title': 'Hardware Engineer'}","{'percentile_25': 43666.02683337517, 'percentile_50': 50582.034840622946, 'percentile_75': 58593.429129265955}"
25,vancouver,"{'id': 'HUMAN-RESOURCES-MANAGER', 'title': 'Human Resources Manager'}","{'percentile_25': 48019.1698870109, 'percentile_50': 57084.65489166927, 'percentile_75': 67861.60260097377}"
26,vancouver,"{'id': 'IT-MANAGER', 'title': 'IT Manager'}","{'percentile_25': 54680.987289866884, 'percentile_50': 65096.05015380147, 'percentile_75': 77494.86532061029}"
27,vancouver,"{'id': 'INDUSTRIAL-DESIGNER', 'title': 'Industrial Designer'}","{'percentile_25': 30093.542860867125, 'percentile_50': 36723.87095789784, 'percentile_75': 44815.019101193066}"
28,vancouver,"{'id': 'INTERIOR-DESIGNER', 'title': 'Interior Designer'}","{'percentile_25': 38435.835935309115, 'percentile_50': 45770.457444479696, 'percentile_75': 54504.72778068066}"
29,vancouver,"{'id': 'LECTURER', 'title': 'Lecturer'}","{'percentile_25': 27195.01553055598, 'percentile_50': 37434.22714903976, 'percentile_75': 51528.6104790563}"
30,vancouver,"{'id': 'MARKETING-MANAGER', 'title': 'Marketing Manager'}","{'percentile_25': 36429.65887590788, 'percentile_50': 44058.6173792522, 'percentile_75': 53285.20291621774}"
31,vancouver,"{'id': 'MECHANICAL-ENGINEER', 'title': 'Mechanical Engineer'}","{'percentile_25': 43717.67225697422, 'percentile_50': 51850.50597283056, 'percentile_75': 61496.29728306609}"
32,vancouver,"{'id': 'MOBILE-DEVELOPER', 'title': 'Mobile Developer'}","{'percentile_25': 37677.35540084247, 'percentile_50': 45424.884626297804, 'percentile_75': 54765.5248453645}"
33,vancouver,"{'id': 'NURSE', 'title': 'Nurse'}","{'percentile_25': 40930.92856622001, 'percentile_50': 46517.772959266105, 'percentile_75': 52867.1905790987}"
34,vancouver,"{'id': 'OFFICE-MANAGER', 'title': 'Office Manager'}","{'percentile_25': 31626.73315839353, 'percentile_50': 37643.49053097422, 'percentile_75': 44804.89250213547}"
35,vancouver,"{'id': 'OPERATIONS-MANAGER', 'title': 'Operations Manager'}","{'percentile_25': 43490.42371861735, 'percentile_50': 55216.44605411783, 'percentile_75': 70104.07474007092}"
36,vancouver,"{'id': 'PHARMACIST', 'title': 'Pharmacist'}","{'percentile_25': 47140.633369680894, 'percentile_50': 58681.50282996929, 'percentile_75': 73047.78337149874}"
37,vancouver,"{'id': 'PHYSICIAN', 'title': 'Physician'}","{'percentile_25': 92073.20039785447, 'percentile_50': 125145.78109063336, 'percentile_75': 170097.99221826196}"
38,vancouver,"{'id': 'POSTDOCTORAL-RESEARCHER', 'title': 'Postdoctoral Researcher'}","{'percentile_25': 37587.976624103285, 'percentile_50': 42668.74684461506, 'percentile_75': 48436.28523814645}"
39,vancouver,"{'id': 'PRODUCT-MANAGER', 'title': 'Product Manager'}","{'percentile_25': 55112.96275308666, 'percentile_50': 65025.25633735015, 'percentile_75': 76720.31679155711}"
40,vancouver,"{'id': 'PROJECT-MANAGER', 'title': 'Project Manager'}","{'percentile_25': 52334.2450897725, 'percentile_50': 64177.82457215702, 'percentile_75': 78701.68299455385}"
41,vancouver,"{'id': 'QA-ENGINEER', 'title': 'QA Engineer'}","{'percentile_25': 34539.1540823629, 'percentile_50': 41988.85772080495, 'percentile_75': 51045.377906296024}"
42,vancouver,"{'id': 'RECEPTIONIST', 'title': 'Receptionist'}","{'percentile_25': 20409.242578979934, 'percentile_50': 23252.086503998078, 'percentile_75': 26490.915804305758}"
43,vancouver,"{'id': 'RESEARCH-SCIENTIST', 'title': 'Research Scientist'}","{'percentile_25': 41892.97681306074, 'percentile_50': 50534.327100367285, 'percentile_75': 60958.146442597914}"
44,vancouver,"{'id': 'SALES-MANAGER', 'title': 'Sales Manager'}","{'percentile_25': 42687.285551708155, 'percentile_50': 53362.07790308603, 'percentile_75': 66706.31128994515}"
45,vancouver,"{'id': 'SOFTWARE-ENGINEER', 'title': 'Software Engineer'}","{'percentile_25': 49176.951588690325, 'percentile_50': 57672.629687058376, 'percentile_75': 67635.99831969877}"
46,vancouver,"{'id': 'SYSTEMS-ADMINISTRATOR', 'title': 'Systems Administrator'}","{'percentile_25': 40734.613113892054, 'percentile_50': 48211.084531333065, 'percentile_75': 57059.794951008495}"
47,vancouver,"{'id': 'TEACHER', 'title': 'Teacher'}","{'percentile_25': 28986.42218258517, 'percentile_50': 37889.110142797654, 'percentile_75': 49526.10771934249}"
48,vancouver,"{'id': 'UX-DESIGNER', 'title': 'UX Designer'}","{'percentile_25': 42649.77670287489, 'percentile_50': 51085.02069176548, 'percentile_75': 61188.581531358795}"
49,vancouver,"{'id': 'WAITER', 'title': 'Waiter'}","{'percentile_25': 17295.127257677457, 'percentile_50': 23534.061366826023, 'percentile_75': 32023.588850534383}"
50,vancouver,"{'id': 'WEB-DESIGNER', 'title': 'Web Designer'}","{'percentile_25': 35350.745537308176, 'percentile_50': 41957.257580760546, 'percentile_75': 49798.425378056025}"
51,vancouver,"{'id': 'WEB-DEVELOPER', 'title': 'Web Developer'}","{'percentile_25': 39244.14733658961, 'percentile_50': 47370.38301345421, 'percentile_75': 57179.30797668733}"
